		2020-01-01	Środa	Bieganie	60	30	142	150					84	04:32	12	BS w tlenie 12-14km 	Mocno czuję nogi po wczorajszym bieganiu	https://connect.garmin.com/modern/activity/4388894927
		2020-01-02	Czwartek	Narty	50										24.3	Jaworzyna	Najszybszy zjazd na Jaworzynie	https://connect.garmin.com/modern/activity/4392220215	https://www.strava.com/activities/2975674614
		2020-01-02	Czwartek	Pływanie	35	60									1200	Rege - 3x400m	Bardzo dobre tempo	https://connect.garmin.com/modern/activity/4393231895	
		2020-01-03	Piątek	Bieganie	60	30	153	169					118	04:15	13.4	BS 3km+3x3km(tempo 3.40)/2min odpoczynku+1-2kmBS	Bardzo mocny wiatr	https://connect.garmin.com/modern/activity/4395135251	
		2020-01-03	Piątek	Siłownia	60											SM - Nogi + ręce + core			
		2020-01-04	Sobota	Narty	35	20									8.3	Spytkowice		https://connect.garmin.com/modern/activity/4400544150	
		2020-01-04	Sobota	Bieganie	50	30	137	146					106	04:45	10	BS 12-14km w tlenie	Niskie tętno, bardzo zmęczony po nartach i całym dniu jazdy	https://connect.garmin.com/modern/activity/4400544218	
		2020-01-05	Niedziela	Bieganie	70	30	143	151					104	04:33	15.1	BS 14-16km		https://connect.garmin.com/modern/activity/4403025065	
		2020-01-06	Poniedziałek	Skitury	210	15	121	157					1122		18.9	Tatry - Kasprowy		https://connect.garmin.com/modern/activity/4408013520	https://www.strava.com/activities/2988067485
		2020-01-07	Wtorek	Bieganie	50	30							99	04:31	10.2	400-600-800-800-600-400/ na przerwach 1-1,5 min	Brak pomiaru tętna	https://connect.garmin.com/modern/activity/4409974649	
		2020-01-08	Środa	Bieganie	60	90	134	140					13	04:50	12	BS w  tlenie 12km na tętno 135	Kiepski trening po saunie	https://connect.garmin.com/modern/activity/4415169535	
		2020-01-09	Czwartek	Siłownia	60											Core + ręce			
		2020-01-09	Czwartek	Bieganie	65	30	145	170					221	05:06	12.4	BS 8km na tetno 140-145+siła biegowa z podbiegami	7km/144/4:30	https://connect.garmin.com/modern/activity/4417941905	
		2020-01-10	Piątek	Siłownia	90	30										SM - Nogi + core			
		2020-01-11	Sobota	Bieganie	65	10	151	175					15	04:25	14.1	BS 2-3km + 4x2km( tempo 3.30-40)/2-3min odpoczynku+2-3km 	Mocny trening	https://connect.garmin.com/modern/activity/4426029180	
		2020-01-12	Niedziela	Bieganie	75	25	145	162					368	05:23	13.1	BS w  tlenie 12km na tętno 135 - Lasek		https://connect.garmin.com/modern/activity/4429032670	https://www.strava.com/activities/3004759243
		2020-01-13	Poniedziałek	Siłownia	95	10										SM - Nogi + core
		2020-01-14	Wtorek (rano)	Pływanie	60										1800	Technika		https://connect.garmin.com/modern/activity/4436272460	
		2020-01-14	Wtorek	Bieganie	70	20	143	177					10	04:46	14	BS 3km+ 4x200/200+3-4x1km(tempo 3.23-25)/2 min odpoczynku+4x400(1min 10-12sek)/400(truchtu +1-2km BS	Dobry trening, szybkie interwały - 1km@3:21-3:23 i tętno 165, 400m - tempo 3:00 (1'12)	https://connect.garmin.com/modern/activity/4436805600	
		2020-01-15	Środa	Bieganie	50	80	134	140					10	04:49	10.2	 BS 8-10km w tlenie(regeneracja		https://connect.garmin.com/modern/activity/4436805600	
		2020-01-16	Czwartek	Siłownia	45											Core + gumy			
		2020-01-16	Czwartek	Bieganie	65	30	147	154						04:19	14.1	12-14km w tlenie 4.15-20	Dosyć wysokie tętno w drugiej połowie, dryf tętna	https://connect.garmin.com/modern/activity/4443617958	
		2020-01-17	Piątek	Skitury	220		124	158					1070		15.9	Tatry - Kasprowy		https://connect.garmin.com/modern/activity/4448146357	https://www.strava.com/activities/3019615017
		2020-01-18	Sobota	Bieganie	55	25	148	161					15	04:11	12.1	BS 2km+8km w II zakresie (tempo 3.55-4min)+1-2km BS	Dużo niższe tętno niż 21.12	https://connect.garmin.com/modern/activity/4451921862	
		2020-01-19	Niedziela	Bieganie	100	25	145	161					530	05:09	18.5	BS 16-18km w tlenie, lub lasek wolski 	Dużo błota, ślisko, dużo szybsze tempo niż ostatnio na tym samym tętnie	https://connect.garmin.com/modern/activity/4454651554	https://www.strava.com/activities/3024894583
		2020-01-20	Poniedziałek	Siłownia	90											SM - Nogi + core
		2020-01-21	Wtorek (rano)	Pływanie	60										1800	Technika			
		2020-01-21	Wtorek	Bieganie	70	30	142	164					214	04:58	13.7	BS 8-10km w tlenie+SB z podbiegami+2-3km BS		https://connect.garmin.com/modern/activity/4462532629	
		2020-01-22	Środa	Bieganie	70	30	146	175					25	04:31	15	BS 3km+interwały 3x1500(3.25-27)/1,5-2min odpoczynku+1km truchtu+3x1km(3.20-23)/1,5-2min odpoczynku+2-3km BS 	Silny wiatr, trochę brakuje siły na interwałach, zwłaszcza pod wiatr dużo wolniej, interwały 1500: 3:22/162, 3:31/166, 3:22/164, interwały 1000: 3:19/164, 3:30/164, 3:17/163	https://connect.garmin.com/modern/activity/4466462845	
		2020-01-23	Czwartek	Bieganie	65	100	140	148					36	04:31	13.4	BS 12-14km w tlenie		https://connect.garmin.com/modern/activity/4469606834	
		2020-01-24	Piątek	Pływanie	60										2100	CSS - 15x100m/10s @1:44	Rewelacyjny trening - życiówka 100m/10s - lepiej o ponad 2s od ostatniej. Pierwszy jakościowy trening od września. Przerwy co 13s.	https://connect.garmin.com/modern/activity/4472835635	
		2020-01-24	Piątek	Rower	50	10	135	169	79	292		55,5	68	29	24.6	Interwały - big ring - 10*1min	Rewelacyjny trening, zwłaszcza po tak długiej przerwie, niskie tętno, wysoka moc. Interwały - tętno maks. 154-169, śr. W - 427 - 446	https://connect.garmin.com/modern/activity/4472868887	https://www.strava.com/activities/3039086502
		2020-01-25	Sobota	Bieganie	65	35	151	179					26	04:13	15.1	BS 3km+4km(tempo progowe, około 3.40-45)/3min odpocynku w truchcie+3km(3.40-45)/3min+1km(3.15-20)+2-3km BS	Raczej słaby trening, za wysokie tętno, 4km/3:41/160, 3km/3:40/162, 1km@3:11/166	https://connect.garmin.com/modern/activity/4476941207	
		2020-01-26	Niedziela	Bieganie	125	10	145	161					733	05:05	23.6	BS 22-24km w tlenie,lub  skitury/narty,  może być Lasek	Bardzo dobry trening, niskie tętno, dobre tempo	https://connect.garmin.com/modern/activity/4480424631	https://www.strava.com/activities/3045159815
		2020-01-26	Niedziela	Siłownia	60											Core + ręce			
		2020-01-27	Poniedziałek	Rower	55		135	169	77	297		61,8	71	29,1	27	Interwały - big ring - 12*1min	Identyczny trening jak w piątek. Interwały - tętno maks. 158-168, śr. W - 428 - 444	https://connect.garmin.com/modern/activity/4483801208	https://www.strava.com/activities/3047836053
		2020-01-27	Poniedziałek	Siłownia	50	30										Core + ręce			
		2020-01-28	Wtorek	Bieganie	60	90	132	138					48	04:48	12.1	BS 12-14km na tętno 130-135		https://connect.garmin.com/modern/activity/4487992518	
		2020-01-29	Środa	Bieganie	65	25	143	167					192	05:09	12.1	BS 5-6km+siła biegowa z podbiegami+BS 4-5km		https://connect.garmin.com/modern/activity/4490768381	
		2020-01-29	Środa	Siłownia	90											SM - Nogi + ręce + core			
		2020-01-30	Czwartek	Bieganie	75	10	143	150					42	04:28	16,4	Tlen 16km	Zmęczony i niewyspany, wysokie tętno	https://connect.garmin.com/modern/activity/4494547132	
		2020-01-31	Piątek	Skitury	190		124	164					803		11.5	Bieszczady - Wielka Rawka		https://connect.garmin.com/modern/activity/4498697685	https://www.strava.com/activities/3059527679
		2020-02-01	Sobota	Skitury	190	10	118	152					746		13,5	Bieszczady - Okrąglik + Fereczata		https://connect.garmin.com/modern/activity/4502589764	https://www.strava.com/activities/3062596265
		2020-02-02	Niedziela	Skitury	130		108	145					521		9,5	Bieszczady - Rypi Wierch + pasmo graniczne		https://connect.garmin.com/modern/activity/4506788488	https://www.strava.com/activities/3066025222
		2020-02-03	Poniedziałek (rano)	Pływanie	60										1800	Technika + 6x100m@1:35 łapki 	Bardzo szybkie interwały w łapkach	https://connect.garmin.com/modern/activity/4508790806
		2020-02-03	Poniedziałek	Bieganie	60	70	150	160					62	04:18	14.1	rozruch 2km i 10-12 km po 4.10 nie szybciej +1-2km truchtu	Wyraźnie zmęczony po skiturach, wysokie tętno, fizjoterapia	https://connect.garmin.com/modern/activity/4509112369	
		2020-02-04	Wtorek	Bieganie	60		130	135					33	04:59	10	8-10km na tetno 130-135		https://connect.garmin.com/modern/activity/4513450698	
		2020-02-05	Środa	Bieganie	60		147	180					61	04:40	12	rozruch 3km+4x200(34-36sek)/200+2x400(1.12-15)/400truchtu+1x800(tempo 3.10)/2 min odpoczynku+2x400/400+4x200/200+1-2km truchtu	Zakładka, bardzo dobry i zdecydowanie najszybszy trening na stadionie	https://connect.garmin.com/modern/activity/4516991973	
		2020-02-05	Środa	Rower	50	10	145	174	74	305		57	57	29,4	23,4	Zakładka - Interwały - big ring - 12*1min	Wysokie tętno po mocnym bieganiu, ale czuję moc w nogach. Interwały - tętno maks. 165-173, śr. W - 431-441	https://connect.garmin.com/modern/activity/4516993580	https://www.strava.com/activities/3073945370
		2020-02-05	Środa	Siłownia	55	100										Core + ręce			
		2020-02-06	Czwartek	Siłownia	90											SM - Nogi + ręce + core			
		2020-02-07	Piątek	Bieganie	90	30	143	149					30	04:25	18.3	Tlen 17-20km	Czuję łydki po środzie, wysokie tętno	https://connect.garmin.com/modern/activity/4524542837	
		2020-02-08	Sobota	Góry	180								696		9.2	Góry z dziećmi		https://connect.garmin.com/modern/activity/4528807632	https://www.strava.com/activities/3083274481
		2020-02-09	Niedziela	Skitury	180		116	153					793		13.5	Stare Wierchy		https://connect.garmin.com/modern/activity/4532782394	https://www.strava.com/activities/3086420268
		2020-02-09	Niedziela	Bieganie	65	30	148	180					38	04:15	14	rozruch 3km+5km(tempo 3.45-50)/3 min odpoczynku+2,5km(tempo 3.35-40)/2min odpoczynku+1km(tempo 3.15)+1-2km BS	Zmęczony po skiturach, troszkę czuję łydki w połowie dystansu	https://connect.garmin.com/modern/activity/4532782590	
		2020-02-10	Poniedziałek	Bieganie	65	120	144	149					47	04:14	15.1	Tlen	Bardzo mocny wiatr (60km//h), super trening, niskie tętno	https://connect.garmin.com/modern/activity/4535350402
		2020-02-11	Wtorek	Siłownia	50											Core + ręce			
		2020-02-11	Wtorek	Bieganie	75	30	149	173					20	04:21	17.1	BS 2-3km+4 x1600(tempo 3.35-40)/1min odpoczynku+2x1km(tempo 3.20-25)/1min+5x200(33-35sek)/200+BS2-3km	Od połowy treningu czuję mocno prawą łydkę, ciężki trening	https://connect.garmin.com/modern/activity/4538873579	
		2020-02-12	Środa	Pływanie	60										2000	Technika + 7x100m@1:35 łapki 		https://connect.garmin.com/modern/activity/4542162147	
		2020-02-12	Środa	Bieganie	55	10	132	139						04:44	10.7	Na tętno 130-135 10-12km	Dosyć niskie tętno	https://connect.garmin.com/modern/activity/4542752735	
		2020-02-13	Czwartek	Skitury	270		122	161					1039		18.4	Trzydniowiański Wierch		https://connect.garmin.com/modern/activity/4546304819	https://www.strava.com/activities/3096707595
		2020-02-14	Piątek	Skitury	210	10	114	143					1038		15	Pilsko		https://connect.garmin.com/modern/activity/4549580733	https://www.strava.com/activities/3099282488
		2020-02-15	Sobota	Bieganie	70	10	154	178						04:14	15,4	BS 3km+3x3km(tempo 3.30-38)/2min odpoczynku +2-3km BS	Ciężki trening, chyba troszkę zmęczony po dwóch dniach skiturów, średnie tętno na odcinkach 3km@3:30: 167, 168, 170	https://connect.garmin.com/modern/activity/4552486548	
		2020-02-15	Sobota	Pływanie	60									01:53	2000	CSS - 15x100m/10s @1:45	Ciężki trening, zmęczony po bieganiu	https://connect.garmin.com/modern/activity/4553381388	
		2020-02-16	Niedziela	Siłownia	100											SM - Nogi + ręce + core			
		2020-02-17	Poniedziałek	Bieganie	85	20	135	163					41	04:45	16.7	Tlen 14km, tętno 130-135,+4-5x200/200	Trochę wysokie tętno, zmęczony po siłce	https://connect.garmin.com/modern/activity/4560783489
		2020-02-18	Wtorek	Bieganie	65	140	152	182					40	04:21	14,5	Rozruch 3km+4x1km(tempo 3.20)/1,5-2min odpoczynku+5x200(34-36sek)/200+3km( 3.35+3.25+3.15)+1-2km truchtu	Bardzo mocny trening, od początku wysokie tętno i zmęczenie. interwały 1km ciężko - czułem prawą łydkę, potem już lepiej. Odcinek 3km BNP dobrze mi się biegło,  ostatni kilometr w ulewie i bardzo mocnym wietrze - tempo 3:12	https://connect.garmin.com/modern/activity/4563378517	
		2020-02-18	Wtorek	Siłownia	60											Core + ręce			
		2020-02-19	Środa	Bieganie	60	10	128	135					21	04:53	10,1	Tlen 10-12km, tetno 125-130		https://connect.garmin.com/modern/activity/4568071946	
		2020-02-20	Czwartek	Pływanie	55									01:54	2000	Zakładka - CSS - 15x100m/10s @1:44		https://connect.garmin.com/modern/activity/4571837532	
		2020-02-20	Czwartek	Rower	55	20	136	157	84	281		51,3	33	31.3	30	Zakładka - Sweet spot - 2x13min	Rewelacyjny trening - bardzo niskie tętno, czuję moc w nogach. HR/W: 148/320, 149/325	https://connect.garmin.com/modern/activity/4571842494	https://www.strava.com/activities/3116855494
		2020-02-21	Piątek	Bieganie	65	20	147	167					20	04:24	14,1	Rozruch 3km+5-6km(tempo 3.40), 3-4min odpoczynek+4-5x200(36-38sek)/200+2-3kmBS	6km@3:40/161 - trochę za wysokie tętno, bolał mnie brzuch	https://connect.garmin.com/modern/activity/4575041131	
		2020-02-22	Sobota	Narty	55										16	Spytkowice		https://connect.garmin.com/modern/activity/4578903147	https://www.strava.com/activities/3122426633
		2020-02-22	Sobota	Siłownia	75	10										SM - Nogi + ręce + core			
		2020-02-23	Niedziela	Bieganie	90	20	143	148					59	04:30	18,8	16-18km w tlenie, może być Lasek Wolski na spokojnie	Wysokie tętno, czuję trochę nogi po siłce	https://connect.garmin.com/modern/activity/4581954783	
		2020-02-24	Poniedziałek	Bieganie	55	10	128	135					43	04:57	10.4	Tlen 10-12km, tetno 125-130
		2020-02-25	Wtorek	Pływanie	60										1800	Zakładka - Technika + 25x50m - 60s	Najszybsze 50m/1min ever - szybciej o kilka sekund niż rok temu	https://connect.garmin.com/modern/activity/4589991866	
		2020-02-25	Wtorek	Bieganie	55	25	143	176					50	04:50	10.7	Zakładka - Rozruch 3km+ 4x( 500-1.34-35)/1min truchtu+400-1.12/45sek +200-36-37 sek/ 30 sek truchtu)/ 2min odpoczynku+ 3km BS	Interwały 400m najtrudniej, ale dobre tempo. Trochę brakowało mi dzisiaj paliwa :)	https://connect.garmin.com/modern/activity/4589991919	
		2020-02-26	Środa	Bieganie	60	125	130	136					41	04:49	11.7	Tlen 10-12km, tetno 125-130	Tętno ustabilizowane	https://connect.garmin.com/modern/activity/4593574312	
		2020-02-27	Czwartek	Rower	60	10	138	159	86	280		60,2	49	31.9	32	Sweet spot - 2x15min / 4min	Bardzo dobry trening, tętno delikatnie wyższe niż ostatnio, HR/W: 152/320, 153/325	https://connect.garmin.com/modern/activity/4596138300	https://www.strava.com/activities/3135972164
		2020-02-27	Czwartek	Siłownia	65											Core + ręce			
		2020-02-28	Piątek	Bieganie	55	25	153	169					38	03:52	13,1	BS 2km+ 8km w tempie 3.45-50+1-2km truchtu	Niezły trening, 8km@3:38/162, czuję sporą rezerwę zwłaszcza pod koniec	https://connect.garmin.com/modern/activity/4600310321	
		2020-02-29	Sobota	Narty	60										20	Spytkowice		https://connect.garmin.com/modern/activity/4604018447	
		2020-02-29	Sobota	Bieganie	70	20	144	150					71	04:19	15,7	Tlen  16-18km 		https://connect.garmin.com/modern/activity/4604566780	
		2020-03-01	Niedziela	Skitury	170		116	146					850		13,5	Tatry		https://connect.garmin.com/modern/activity/4608196396	https://www.strava.com/activities/3145612202
		2020-03-02	Poniedziałek	Bieganie	60	25	154	179					71	04:10	13.5	3km BS + 8x1km@3:20-3:25 / 1min + 3km BS	Najszybsze interwały 1km (3:10-3:20), dobry trening	https://connect.garmin.com/modern/activity/4611458199
		2020-03-03	Wtorek	Bieganie	55	25	142	150					46	04:17	12.1	BS tlen 12km		https://connect.garmin.com/modern/activity/4614702594	
		2020-03-03	Wtorek	Siłownia	80											SM - Nogi + ręce + core			
		2020-03-04	Środa	Rower	55		134	166	73	297		55,8	77	29.3	24.2	Zakładka - Interwały - big ring - 12*1min	Mocno czuję nogi po bieganiu, Interwały - tętno maks. 155-165, śr. W - 420-434	https://connect.garmin.com/modern/activity/4618076437	https://www.strava.com/activities/3153257292
		2020-03-04	Środa	Bieganie	55	100	140	160					169	05:02	10.1	Zakładka - BS 4km po 4.15-20+siła biegowa z podbiegami+3-4km BS		https://connect.garmin.com/modern/activity/4618085682	
		2020-03-05	Czwartek	Skitury	270	10	138	163					1491		25,6	Tatry - Kołowa Czuba		https://connect.garmin.com/modern/activity/4622912712	https://www.strava.com/activities/3157063726
		2020-03-06	Piątek	Bieganie	75	30	143	175					32	04:33	15,3	BS 3km+4x1200(tempo 3.25)/2min odpoczynku+3 min truchtu+2x1km(tempo 3.10-15)/2min truchtu+ rytmy 4x200/200+2-3km BS	Czuję zmęczenie po bardzo mocnych skiturach	https://connect.garmin.com/modern/activity/4625601899	
		2020-03-07	Sobota	Rower	65		138	156	87	286		58,4	43	32,7	35,7	Sweet spot - 2x18min / 4min	Rewelacyjny trening - bardzo niskie tętno, mimo, że pracowałem do 6 nad ranem i byłem niewyspany, czuję moc w nogach. HR/W: 150/320, 150/325	https://connect.garmin.com/modern/activity/4629064440	https://www.strava.com/activities/3162010167
		2020-03-07	Sobota	Siłownia	60	15										Core + ręce			
		2020-03-08	Niedziela	Bieganie	100	15	145	158					573	04:55	20,1	Długie wybieganie, w tlenie 18-20km , może byc lasek wolski! 	Niskie tętno, dobry trening	https://connect.garmin.com/modern/activity/4634227811	https://www.strava.com/activities/3166240156
		2020-03-09	Poniedziałek	Bieganie	45	25	131	136					28	04:40	9.3	Tlen 10-12km, tetno 125-130	Tętno ustabilizowane	https://connect.garmin.com/modern/activity/4593574312
		2020-03-10	Wtorek	Bieganie	50	20	147	177					11	04:36	10.4	rozruch 2-3km +4x1200(tempo 3.20)/2min odpoczynku+ rytmy 5-6x200(37-38 sek)/200+ 3km( 3.35+3.30+3.20-25)+ BS 2-3km	Ciężki trening	https://connect.garmin.com/modern/activity/4640824927	
		2020-03-10	Wtorek	Siłownia	60											Core + ręce			
		2020-03-11	Środa	Pływanie	50										1800	CSS - 15x100m/10s @1:45		https://connect.garmin.com/modern/activity/4472835635	
		2020-03-11	Środa	Bieganie	50	100	142	147					18	04:23	10	Tlen 8-10km	77 dni pod rząd trening - rekord :)	https://connect.garmin.com/modern/activity/4644934365	
		2020-03-13	Piątek	Bieganie	50	15	156	175					18	04:03	11	Rozruch 3km+6km (tempo 3.35)+2-3km BS	Słaby dzień, od początku wysokie tętno	https://connect.garmin.com/modern/activity/4651091470	
		2020-03-13	Piątek	Rower	90	10	134	158	84	273		84,1	53	30.9	53	Sweet spot - 2x20min / 5min	Rewelacyjny trening, mimo, że po ciężkim treningu biegowym, HR/W: 151/320, 152/325	https://connect.garmin.com/modern/activity/4651694807	https://www.strava.com/activities/3180095097
		2020-03-14	Niedziela	Rower	85	10	133	159	87	291		91,2	699	26.4	37	Wytrzymałość siłowa - 5x7min@350W - ZOO	Rewelacyjny trening, bardzo niskie tętno, najlepszy stosunek HR/W na tej mocy pod zoo, Suma interwałów: 33min, HR/W: 150/350, 151/352, 152/355, 152/353, 153/357	https://connect.garmin.com/modern/activity/4655131566	https://www.strava.com/activities/3182706024
		2020-03-15	Niedziela	Rower	120	10	132	146	87	255	1,96	99,4	561	31,9	63,4	Tlen	Bardzo wysokie EF - jedno z najwyższych ever, mimo zmęczonych nóg, po dwóch mocnych treningach	https://connect.garmin.com/modern/activity/4658673772	https://www.strava.com/activities/3185633252
		2020-03-15	Niedziela	Siłownia	60											Core + ręce			
		2020-03-16	Poniedziałek	Rower	70		139	158	86	286		70,5	43	33.5	38	Zakładka - Sweet spot - 2x20min / 5min	Czuję nogi po 3 dniach na rowerze, tętno wyższe niż ostatnio, ale i tak niskie przy takim zmęczeniu, HR/W: 152/320, 153/325	https://connect.garmin.com/modern/activity/4662704596	https://www.strava.com/activities/3188915970
		2020-03-16	Poniedziałek	Bieganie	45	25	144	150					22	04:09	10.1	Zakładka - Tlen + rytmy	Rewelacyjny trening, najszybsze bieganie w tlenie	https://connect.garmin.com/modern/activity/4662709413	
		2020-03-17	Wtorek	Bieganie	50	15	143	178					49	04:22	10.8	Rozruch 3-4km + piramidka 400(1.10)+600(tempo 3-3.10)+800(tempo 3.10)+800+600+400, wszystko na przerwach 1,5min+3km BS	Dobre i badzo szybkie bieganie, najszybsza 400tka ever - 1'08	https://connect.garmin.com/modern/activity/4665823074	
		2020-03-18	Środa	Rower	140	25	131	156	87	252	1,96	112	742	31.6	72	Tlen	Bardzo wysokie EF - jedno z najwyższych	https://connect.garmin.com/modern/activity/4669567638	https://www.strava.com/activities/3194685597
		2020-03-19	Czwartek	Siłownia	55											Core + ręce			
		2020-03-20	Piątek	Rower	70		135	166	85	296		77,1	661	26,5	30	Zakładka - Wytrzymałość siłowa - 5x6min@350W - ZOO	Podwyższone tętno, lekko zmęczone nogi, suma interwałów: 32min, HR/W: 153/353, 155/357, 156/356, 157/358, 157/357	https://connect.garmin.com/modern/activity/4676809596	https://www.strava.com/activities/3200784743
		2020-03-20	Piątek	Bieganie	65	25	142	165					209	04:53	12.1	Zakładka - BS 6km+siła biegowa z podbiegami (10x150)+2-3km BS		https://connect.garmin.com/modern/activity/4676817052	
		2020-03-21	Sobota	Bieganie	50	25	154	166					27	03:59	12.1	BS 2km + 6-8km na progu+1-2km truchtu		https://connect.garmin.com/modern/activity/4680505395	
		2020-03-21	Sobota	Siłownia	40											Core + ręce			
		2020-03-22	Niedziela	Skitury	150	15	119	154					978		15,1	Rysianka		https://connect.garmin.com/modern/activity/4683569119	https://www.strava.com/activities/3206592324
		2020-03-23	Poniedziałek	Bieganie	50		139	156					19	04:27	10	Tlen 8rv+rytmy 5x100/100	Mocny wiatr, niskie tętno, 8km@4:27/139	https://connect.garmin.com/modern/activity/4687993157
		2020-03-23	Poniedziałek	Siłownia	40	15										Ręce			
		2020-03-24	Wtorek	Bieganie	50	25	150	180					17	04:13	10.6	Rozruch 4km+5x1km(tempo 3.15-20)/1 min odpoczynku+1km truchtu	Szybie interwały	https://connect.garmin.com/modern/activity/4691560973	
		2020-03-25	Środa	Skitury	170	10	145	164					1391		19,1	Kasprowy x 2	Mocny trening, najwyższe tętno na skiturach	https://connect.garmin.com/modern/activity/4695470551	https://www.strava.com/activities/3216805853
		2020-03-26	Czwartek	Rower	70	10	137	157	86	291		76,1	46	33,2	38	Sweet spot - 2x20min / 5min	Rewelacyjny trening, bardzo niskie tętno, HR/W: 149/325, 152/330	https://connect.garmin.com/modern/activity/4699626351	https://www.strava.com/activities/3220528206
		2020-03-26	Czwartek	Siłownia	50											Core+ ręce			
		2020-03-27	Piątek	Bieganie	40	15	141	165					19	04:23	8,2	rozruch 5km+rytmy 4-5x150/150		https://connect.garmin.com/modern/activity/4703470090	
		2020-03-28	Sobota	Bieganie	65	25	168	177					39	03:29	14,1	Kontrolny trening, rozruch 1,5-2km+5min rozciąganie+10km(tempo 3.30)	Życiówka na 10km - 34'48	https://connect.garmin.com/modern/activity/4707909833	
		2020-03-29	Niedziela	Rower	155	15	135	144	87	245	1,85	116,7	309	32.7	83	Tlen	Trochę podwyższone tętno po wczorajszym teście	https://connect.garmin.com/modern/activity/4711373577	https://www.strava.com/activities/3230920793
		2020-03-29	Niedziela	Bieganie	50	15	139	144					19	04:30	10.2	Tlen		https://connect.garmin.com/modern/activity/4712788508	
		2020-03-30	Poniedziałek	Siłownia	65											Nogi + gumy
		2020-03-31	Wtorek	Rower	70	15	138	154	85	300		81,7	45	33,4	40	Sweet spot - 2x20min / 5min @ 330	Rewelacyjny trening, bardzo niskie tętno, HR/W: 150/331, 150/335	https://connect.garmin.com/modern/activity/4720164088	https://www.strava.com/activities/3238692079
		2020-04-01	Środa	Skitury	190	10	138	165					1504		20	Kasprowy x 2		https://connect.garmin.com/modern/activity/4724032654	https://www.strava.com/activities/3242285693
		2020-04-02	Czwartek	Bieganie	60	25	136	163					198	05:07	11	Siła biegowa jak najbardziej! Czyli BS 8km w tlenie+ SB+BS 3-4km w tlenie		https://connect.garmin.com/modern/activity/4729113642	
		2020-04-02	Czwartek	Siłownia	45											Core + gumy			
		2020-04-03	Piątek	Rower	85	25	131	163	84	288		106,5	850	26,4	44	Wytrzymałość siłowa - 6x6min@350W - ZOO	Suma interwałów: 39min, HR/W: 150/352, 152/351, 153/356, 154/355, 155/359, 154/356	https://connect.garmin.com/modern/activity/4732532262	https://www.strava.com/activities/3250146001
		2020-04-04	Sobota	Bieganie	95	25	150	165					506	05:01	18,3	Lasek wolski 1,5h tlen	Wysokie tętno	https://connect.garmin.com/modern/activity/4735583814	https://www.strava.com/activities/3252957505
		2020-04-04	Sobota	Góry	60								360		4	Lasek z dziećmi		https://connect.garmin.com/modern/activity/4736973923	
		2020-04-05	Niedziela	Rower	190		138	159	87	281	1,95	178,6	1052	32.4	102	Tlen		https://connect.garmin.com/modern/activity/4740577861	https://www.strava.com/activities/3257633478
		2020-04-06	Poniedziałek	Bieganie	50	15	143	166					24	04:16	11.4	Rozruch 2km+bieg z rytmami 8-10x200/800	Niskie tętno, dobre tempo	https://connect.garmin.com/modern/activity/4746060821
		2020-04-06	Poniedziałek	Siłownia	50											Ręce + core			
		2020-04-07	Wtorek	Rower	75	15	135	158	86	290		78,1	46	33,6	40	Sweet spot - 2x20min / 5min @ 335	Czuję nogi po wczorajszym bieganiu i niedzielnym rowerze, troszkę wyższe tętno niż ostatnio, HR/W: 151/330, 153/335	https://connect.garmin.com/modern/activity/4750631397	https://www.strava.com/activities/3266933121
		2020-04-08	Środa	Bieganie	75	20	143	166					216	04:49	14,7	! Czyli BS 8km w tlenie+ SB+BS 3-4km w tlenie	Niskie tętno	https://connect.garmin.com/modern/activity/4755430138	
		2020-04-08	Środa	Siłownia	50											Core + gumy			
		2020-04-09	Czwartek	Rower	165	15	139	162	87	282	2,08	167,2	1208	30.9	84	Tlen - tempo po górkach	Rewelacyjny EF - życiówka 	https://connect.garmin.com/modern/activity/4760590716	https://www.strava.com/activities/3276431607
		2020-04-10	Piątek	Bieganie	100	25	144	159					538	05:09	18.5	Lasek wolski 1,5h tlen	Niskie tętno	https://connect.garmin.com/modern/activity/4763336871	https://www.strava.com/activities/3279030681
		2020-04-11	Sobota	Rower	120	15	135	161	87	289	2,11	129,6	869	31	63	Tlen - tempo po górkach	Rewelacyjny EF - życiówka 	https://connect.garmin.com/modern/activity/4769817772	https://www.strava.com/activities/3285224439
		2020-04-12	Niedziela	Góry	195								730		10	Beskid Wyspowy z dziećmi - Jasień		https://connect.garmin.com/modern/activity/4774508733	https://www.strava.com/activities/3289803410
		2020-04-13	Poniedziałek	Rower	95	15	138	166	88	292		102,2	791	27,7	43	Wytrzymałość siłowa - 6x6min@350W - ZOO	Wysokie tętno, zmęczone nogi po górach, suma interwałów: 38min, HR/W: 153/349, 155/353, 157/354, 157/352, 156/353, 157/355	https://connect.garmin.com/modern/activity/4777563583	https://www.strava.com/activities/3292677736
		2020-04-13	Poniedziałek	Siłownia	45											Ręce + gumy			
		2020-04-14	Wtorek	Bieganie	60	20	148	166					24	04:07	14	można zrobić delikatny drugi zakres, na przykład zrobić 6 km w tempie 3.45-50, lub dwa razy 4km( tempo to samo)/1km przerwy w truchcie.	4km@3:46/159, 4km@3:42/160	https://connect.garmin.com/modern/activity/4782912846	
		2020-04-15	Środa	Rower	70		142	163	87	295		75,6	60	33,4	38	Zakładka - Sweet spot - 2x20min / 5min @ 335	Wysokie tętno, czuć już zmęczenie treningami, HR/W: 154/330, 158/335	https://connect.garmin.com/modern/activity/4788091180	https://www.strava.com/activities/3303038919
		2020-04-15	Środa	Bieganie	45	25	145	150					12	04:18	10	Zakładka - Tlen		https://connect.garmin.com/modern/activity/4788091180	
		2020-04-16	Czwartek	Rower	130	20	134	162	86	268	1,94	119,4	1003	28,7	62	Tlen po górkach	Nadal wysoki EF, mimo zmęczenia	https://connect.garmin.com/modern/activity/4793174504	https://www.strava.com/activities/3308142217
		2020-04-17	Piątek	Bieganie	100	10	150	164					546	04:46	20	Lasek	Niezłe tempo, lepiej niż ostatnio	https://connect.garmin.com/modern/activity/4797330161	https://www.strava.com/activities/3312248926
		2020-04-18	Sobota	Góry	125								407		5.4	Ćwilin z dziećmi		https://connect.garmin.com/modern/activity/4801775014	https://www.strava.com/activities/3316563372
		2020-04-19	Niedziela	Rower	210	45	140	168	88	287	2,07	217,4	1585	30,6	105	Tlen po górkach	Mocny trening na niskim tętnie, rewelacyjne EF	https://connect.garmin.com/modern/activity/4808081957	https://www.strava.com/activities/3322893844
		2020-04-20	Poniedziałek	Bieganie	60	15	134	139					12	04:45	12	Spokojnie 12km na 130-135		https://connect.garmin.com/modern/activity/4811637894
		2020-04-20	Poniedziałek	Siłownia	60											Core + gumy			
		2020-04-21	Wtorek	Rower	90	20	136	165	87	300		102,6	880	27.1	40	Wytrzymałość siłowa - 7x6min@350W - ZOO	Suma interwałów: 43min, HR/W: 153/352, 156/357, 156/356, 157/357, 158/358, 157/358, 158/359	https://connect.garmin.com/modern/activity/4817074787	https://www.strava.com/activities/3331928676
		2020-04-22	Środa	Bieganie	65	15	140	169						04:31	13	Proponuje na treningu zrobic 6 km na tetno 145, rozciaganie+10x300(tempo około 3min km)/1min odpoczynku _3km BS	Niskie tętno, szybkie interwały	https://connect.garmin.com/modern/activity/4821682951	
		2020-04-22	Środa	Siłownia	35											Ręce + gumy			
		2020-04-23	Czwartek	Rower	150	25	137	168	85	287	2,08	159,4	1221	29.8	75	Tlen po górkach	Mocny trening, rewelacyjny EF, trochę czuję achillesa po rowerze	https://connect.garmin.com/modern/activity/4826932260	https://www.strava.com/activities/3342137110
		2020-04-24	Piątek	Rower	120		124	139	87	222		71,4	397	32	60	Regeneracja	Mocno czuję achillesa	https://connect.garmin.com/modern/activity/4831623652	https://www.strava.com/activities/3346943402
		2020-04-25	Sobota	Siłownia	55											Core+ gumy			
		2020-04-26	Niedziela	Rower	210	25	139	170	87	287	2,03	220,8	1553	30.6	106	Tlen po górkach	Zmęczone nogi, ale tętno dalej niskie, wysokie EF, czuję achillesa	https://connect.garmin.com/modern/activity/4842011469	https://www.strava.com/activities/3357613218
		2020-04-27	Poniedziałek	Rower	110	25	130	146	89	240	1,88	78,8	280	34	61	Tlen	Mocno zmęczone nogi, wysokie tętno, trochę czuję achillesa pod koniec	https://connect.garmin.com/modern/activity/4846419040	https://www.strava.com/activities/3362040021
		2020-04-28	Wtorek	Góry	260										14	Góry z dziećmi - Turbacz			
		2020-04-29	Środa	Rower	80	10	147	167	89	294		81,7		34,2	43	Sweet spot - 2x20min / 5min @ 335	Mocno zmęczone nogi, bardzo wysokie tętno, HR/W: 160/330, 162/335	https://connect.garmin.com/modern/activity/4854359851	https://www.strava.com/activities/3370003235
		2020-04-29	Środa	Bieganie	65	20	145	150					12	04:35	13.1	tlen 10km na tętno 145-148	Wysokie tętno, pierwsze bieganie od tygodnia	https://connect.garmin.com/modern/activity/4855318449	
		2020-04-30	Czwartek	Rower	95	10	129	144	87	246	1,96	73,8	289	33.1	52	Tlen		https://connect.garmin.com/modern/activity/4860352379	https://www.strava.com/activities/3376145024
		2020-05-01	Piątek	Bieganie	60	20	148	181					56	04:26	13	Rozruch 3km+ 8x800(tempo 3.15)/1,5min odpoczynku+BS 2-3km	Mocny trening	https://connect.garmin.com/modern/activity/4864086928	
		2020-05-01	Piątek	Siłownia	75											Core + ręce + gumy			
		2020-05-02	Sobota	Rower	140	10	130	150	87	233	1,85	95,1	675	31	70	Tlen po górkach		https://connect.garmin.com/modern/activity/4868383398	https://www.strava.com/activities/3384263745
		2020-05-02	Sobota	Bieganie	90	30	152	167					702	05:00	18	Bieganie po górach - Liwocz		https://connect.garmin.com/modern/activity/4870050116	https://www.strava.com/activities/3386067481
		2020-05-03	Niedziela	Rower	100	10	111	122	87	184		42,4	295	28,5	47	Regeneracja	Niskie tętno	https://connect.garmin.com/modern/activity/4875237464	https://www.strava.com/activities/3391425932
		2020-05-03	Niedziela	Siłownia	40											Ręce + gumy			
		2020-05-04	Poniedziałek	Bieganie	55	30	139	149					64	04:25	11	Bieganie, tlen 10-12km 		https://connect.garmin.com/modern/activity/4880481418
		2020-05-05	Wtorek	Bieganie	60	20	142	172					215	04:57	12	BS 6km+SB z podbiegami +BS 2km		https://connect.garmin.com/modern/activity/4885867475	
		2020-05-05	Wtorek	Siłownia	40											Ręce + gumy			
		2020-05-06	Środa	Siłownia	40											Ręce + gumy			
		2020-05-08	Piątek	Skitury	165	30	140	176					1105		16	Tatry - Kopa Kondracka		https://connect.garmin.com/modern/activity/4900823309	https://www.strava.com/activities/3418769742
		2020-05-09	Sobota	Rower	200	20	143	174	86	282		205,3	1671	30.1	100	Tempo po górkach	Wysokie tętno po przerwie od rowera	https://connect.garmin.com/modern/activity/4900823309	https://www.strava.com/activities/3425320583
		2020-05-10	Niedziela	Rower	115	20	142	170	90	290		120,5	1088	29.6	55	Wytrzymałość siłowa - 5x8min	Bardzo ciężki trening, od początku czuję mocno nogi po dwóch ostatnich dniach, wysokie tętno, suma interwałów: 46min, HR/W: 157/336, 158/349, 159/348, 161/350, 162/352	https://connect.garmin.com/modern/activity/4912153501	https://www.strava.com/activities/3430549066
		2020-05-11	Poniedziałek	Bieganie	60	20	139	145					27	04:34	12	10-12 tlen na tętno 135-140		https://connect.garmin.com/modern/activity/4916309773
		2020-05-11	Poniedziałek	Siłownia	50											Core + gumy			
		2020-05-12	Wtorek	Bieganie	85	25	144	167					83	04:39	18	Rozruch  BS 4km po 4.40-45+rytmy 5x200/200+odpoczynek 2min+2x3km(tempo 3.45-50)/1km truchtu+odpoczynek 2min+rytmy 5x200/200+Bs 2-3km	Czuję nogi po weekendzie, 2x3km@3:44 - tętno 157/160	https://connect.garmin.com/modern/activity/4921181436	
		2020-05-13	Środa	Rower	120		126	138	87	235	1,89	80,5	547	31.6	60	Tlen	Czuję nogi po wczoraj	https://connect.garmin.com/modern/activity/4925960442	https://www.strava.com/activities/3444899469
		2020-05-14	Czwartek	Rower	60		141	181	87	318		77,7	405	31.2	32	Zakładka - VO2max - 4x4min	Czuję moc w nogach, najwyższa moc interwałów VO2max, HR/W: 160/408, 166/424, 168/427, 167/424	https://connect.garmin.com/modern/activity/4931321124	https://www.strava.com/activities/3450610548
		2020-05-14	Czwartek	Bieganie	40	20	145	151					20	04:23	8,2	Zakładka - 10-12 tlen na tętno 135-140		https://connect.garmin.com/modern/activity/4931293126	
		2020-05-15	Piątek	Bieganie	55	20	144	168					59	04:29	11,5	Rower+bs 2km+bieg z rytmami 8-10x200(szybkich)/800 BS(tempo około 4.40-45)	Czuję nogi po wczoraj	https://connect.garmin.com/modern/activity/4934669801	
		2020-05-16	Sobota	Rower	210		146	171	90	293		226,9	1581	32,6	112	Tempo po górkach	Mocny trening, za wysokie tętno	https://connect.garmin.com/modern/activity/4939861100	https://www.strava.com/activities/3459685263
		2020-05-16	Sobota	Siłownia	30											Ręce + gumy			
		2020-05-17	Niedziela	Bieganie	80	20	143	149					66	04:26	18	Lasek 18-20km BS	Czuję nogi po wczorajszym rowerze	https://connect.garmin.com/modern/activity/4946517041	
		2020-05-17	Niedziela	Siłownia	50											Core + gumy			
		2020-05-18	Poniedziałek	Rower	90		110	124	89	175		34,3	266	28.5	42	Regeneracja		https://connect.garmin.com/modern/activity/4951001052	https://www.strava.com/activities/3471432221
		2020-05-18	Poniedziałek	Siłownia	45											Ręce + gumy			
		2020-05-19	Wtorek	Rower	220	25	143	173	86	278		217,6	2000	29,1	107	Tempo po górkach	Mocny trening	https://connect.garmin.com/modern/activity/4956612152	https://www.strava.com/activities/3477423797
		2020-05-20	Środa	Bieganie	65	20	146	179					67	04:31	14	Rozruch 4km+ 400(tempo 3.05-10)+800(tempo 3.10-15)+1200(tempo 3.25-30+1600(tempo 3.35-40)+1200+800+400+1-2km schłodzenia, pomędzy interwałami 2min odpoczynek	Mocny trening	https://connect.garmin.com/modern/activity/4960864043	
		2020-05-20	Środa	Siłownia	50											Core + gumy			
		2020-05-21	Czwartek	Rower	120		136	167	88	295		130,4	1155	28,5	56	Zakładka - wytrzymałość siłowa - 6x8min	Dużo niższe tętno niż ostatnioSuma interwałów: 49min, HR/W: 153/350, 154/352, 155/352, 156/352, 157/353, 158/359	https://connect.garmin.com/modern/activity/4967028519	https://www.strava.com/activities/3488497726
		2020-05-21	Czwartek	Bieganie	45	25	144	149					61	04:27	10	Zakładka - tlen 10km		https://connect.garmin.com/modern/activity/4967026052	
		2020-05-22	Piątek	Rower	150	20	126	145	86	245	1,97	113,3	1051	29	71	Tlen po górkach	Czuję nogi po wczoraj, niskie tętno	https://connect.garmin.com/modern/activity/4971959001	https://www.strava.com/activities/3493624801
		2020-05-22	Piątek	Siłownia	25											Gumy			
		2020-05-23	Sobota	Rower	70	10	145	177	92	314		84,6	498	32.8	37	Zakładka - VO2max - 4x4min	Mocno czuję nogi, bardzo ciężki trening, suma interwałów: 14min, HR/W: 158/405, 163/405, 164/403	https://connect.garmin.com/modern/activity/4975764047	https://www.strava.com/activities/3497480992
		2020-05-23	Sobota	Bieganie	45	10	146	153					10	04:11	10	Zakładka, 2km BS +II zakres 8km (tempo około 4.10)+1km truchtu	Niskie tętno, mimo mocnego zmęczenia	https://connect.garmin.com/modern/activity/4977743711	
		2020-05-24	Niedziela	Bieganie	110	25	145	163					533	05:01	21,1	Lasek, na spokojnie 18-20km! 	Mocno czuję nogi	https://connect.garmin.com/modern/activity/4982366280	https://www.strava.com/activities/3504217143
		2020-05-25	Poniedziałek	Siłownia	65											Nogi + ręce + gumy
		2020-05-26	Wtorek	Bieganie	50	10	135	144					17	04:36	10	Tlen 10-12 i ewentualnie lekki rytmy jeżeli nogi będą ok		https://connect.garmin.com/modern/activity/4991131183	
		2020-05-26	Wtorek	Siłownia	60											Core + gumy			
		2020-05-27	Środa	Bieganie	60	10	142	169					185	04:57	12.2	Siła biegowa		https://connect.garmin.com/modern/activity/4997222258	https://www.strava.com/activities/3519898091
		2020-05-28	Czwartek	Rower	95	10	132	147	86	248	1,92	74,4	176	34.7	55	Tlen - czasówka		https://connect.garmin.com/modern/activity/5001735901	https://www.strava.com/activities/3524720040
		2020-05-29	Piątek	Rower	100	10	132	148	87	245	1,9	75,4	257	34.2	56	Tlen - czasówka		https://connect.garmin.com/modern/activity/5007553789	https://www.strava.com/activities/3530824000
		2020-05-29	Piątek	Siłownia	50											Core + gumy			
		2020-05-30	Sobota	Bieganie	95	30	153	173					512	04:36	20	Lasek	Mocny trening, mega ulewa nad Laskiem	https://connect.garmin.com/modern/activity/5011720009	https://www.strava.com/activities/3535137005
		2020-05-31	Niedziela	Siłownia	45											Ręce + gumy			
		2020-06-01	Poniedziałek	Rower	90	10	148	165	86	300		97,7	50	36.9	52	Czasówka - Wytrzymałość siłowa (tempo) - 3*20min @330-335W / 5min	Mocny wiatr, po pierwszym interwale podniosłem siodełko o 1cm i lekko nachyliłem do góry lemondkę. HR/W: 156/325, 157/325, 156/335	https://connect.garmin.com/modern/activity/5023307524	https://www.strava.com/activities/3547157544
		2020-06-01	Poniedziałek	Bieganie	45	30	144	150					9	04:22	10.2	BS w tlenie 8-10km		https://connect.garmin.com/modern/activity/5024503912	
		2020-06-02	Wtorek	Bieganie	55	20	148	172					15	04:23	11.3	BS 3km +interwały 400(3.10)+800(3.20)+1200(tempo 3.30)+1600+1200+800+400, odpoczynek po 1,5min +2=3km BS	Stadion, bardzo dobry trening, czuję dużo rezerwy	https://connect.garmin.com/modern/activity/5028384683	
		2020-06-02	Wtorek	Siłownia	60											Core + gumy + łydki			
		2020-06-03	Środa	Bieganie	60	20	140	165					187	05:00	11.2	Siła biegowa		https://connect.garmin.com/modern/activity/5033421806	
		2020-06-03	Środa	Siłownia	40											Ręce + gumy			
		2020-06-04	Czwartek	Rower	110		142	160	84	253	1.91	86,8	336	36	64	Mocny tlen - czasówka	Wysokie tętno	https://connect.garmin.com/modern/activity/5038853800	https://www.strava.com/activities/3562977331
		2020-06-05	Piątek	Rower	55		137	178	89	308		70	350	26,2	22	Zakładka - VO2max - 4x4min	Garmin nie zapisał aktywności, średnia moc: 400, 404, 405, 404, podjazdy pod Kopiec		
		2020-06-05	Piątek	Bieganie	40	20	144	149					9	04:18	9	Zakładka - tlen 10-12km		https://connect.garmin.com/modern/activity/5043155856	
		2020-06-06	Sobota	Bieganie	95	10	145	159					488	05:06	18.7	Lasek jak najbardziej, tylko nie tak mocno jak ostatnio 18-20km	Wcześnie rano (6:30), tętno troszkę podwyższone, czuję nogi 	https://connect.garmin.com/modern/activity/5046078445	https://www.strava.com/activities/3570310999
		2020-06-06	Sobota	Rower	140	15						90	360	13	33	Dookoła Zalewu Czorsztyńskiego z Szymkiem i przyczepką		https://connect.garmin.com/modern/activity/5048811412	https://www.strava.com/activities/3573015118
		2020-06-07	Niedziela	Rower	170	25	142	158	86	262	1.86	146,9	450	36.1	100	Czasówka - mocny tlen + tempo	Mocno czuję nogi po wczoraj, wysokie tętno	https://connect.garmin.com/modern/activity/5052593136	https://www.strava.com/activities/3576843185
		2020-06-08	Poniedziałek	Bieganie	50	25	133	139					12	04:34	10.8	Spokojny tlen 10-12km	Niskie tętno, dobry trening	https://connect.garmin.com/modern/activity/5057978891
		2020-06-08	Poniedziałek	Siłownia	40											Core + łydki			
		2020-06-09	Wtorek	Rower	100	20	138	168	88	315		123,7	1056	26.4	43	Wytrzymałość siłowa - 8x6min@360W - ZOO	Rewelacyjny trening, niskie tętno, czuję moc w nogach! Suma interwałów: 53min, HR/W: 153/359, 153/360, 154/361, 156/369, 155/360, 156/370, 156/369, 157/370	https://connect.garmin.com/modern/activity/5062977030	https://www.strava.com/activities/3587582103
		2020-06-10	Środa	Bieganie	65	20	143	169					6	04:27	13	Rozruch 2km+rozciąganie 5min+16-18x400(tempo zawodów na 10km, czyli gdzieś 3.25)/ 45sek odpoczynku+2-3kmBS	Dobry trening, czuję sporą rezerwę podczas biegania, interwały w tempie 80-82s (3:20-3:25)	https://connect.garmin.com/modern/activity/5068133017	
		2020-06-10	Środa	Siłownia	40											Ręce + gumy + łydki			
		2020-06-11	Czwartek	Rower	115		143	175	85	303		131	1214	28.8	53	Zakładka - może tempo po górkach (mocno)?	Bardzo mocny trening, czuję moc w nogach	https://connect.garmin.com/modern/activity/5072618358	https://www.strava.com/activities/3597393633
		2020-06-11	Czwartek	Bieganie	45	30	150	159					76	04:20	10.1	Zakładka - tlen 10-12km	Wysokie tętno, gorąco, cały bieg w słońcu	https://connect.garmin.com/modern/activity/5072630116	
		2020-06-12	Piątek	Rower	125	20	130	152	86	245		96,4	717	30.7	64	Spokojny tlen		https://connect.garmin.com/modern/activity/5077489313	https://www.strava.com/activities/3602343596
		2020-06-12	Piątek	Pływanie	60										1700	Technika		https://connect.garmin.com/modern/activity/5079589797	
		2020-06-13	Sobota	Rower	245	20	148	174	86	267		220,1	1904	30.9	124	Tempo po górach	Gorąco (+31), bardzo wysokie tętno, nogi zmęczone po całym tygodniu	https://connect.garmin.com/modern/activity/5082874654	https://www.strava.com/activities/3607705480
		2020-06-14	Niedziela	Bieganie	120	20	151	167					870	04:58	23	Bieganie po górach, 18-20km na spokojnie? (będę prawdopodobnie w Jaśle)	Beskid Niski - Folusz, 4 KOMy, super trening	https://connect.garmin.com/modern/activity/5088469264	https://www.strava.com/activities/3613588940
		2020-06-15	Poniedziałek	Siłownia	45	120										Ręce + gumy + łydki
		2020-06-16	Wtorek	Pływanie	60										1800	Technika		https://connect.garmin.com/modern/activity/5097716355	
		2020-06-16	Wtorek	Siłownia	35											Core + łydki			
		2020-06-17	Środa	Bieganie	50	10	135	140					7	04:31	10.4	Lekki tlen		https://connect.garmin.com/modern/activity/5102724080	
		2020-06-18	Czwartek	Rower	80	20	139	176	81	288		80,8	90	31,5	40	Test FTP	Gorąco i parno, słaby dzień. 20min/380W	https://connect.garmin.com/modern/activity/5107701853	https://connect.garmin.com/modern/activity/5107701853
		2020-06-18	Czwartek	Pływanie	50										1900	Technika		https://connect.garmin.com/modern/activity/5108386685	
		2020-06-19	Piątek	Bieganie	65	130	153	174					6	04:23	14	Stadion, rozruch 2km+ rozciąganie+15x600(tempo 3.30)/45 sek odpoczynku)+2-3km BS	Parno i pobiegłem na głodnego, wysokie tętno.	https://connect.garmin.com/modern/activity/5112305839	
		2020-06-20	Sobota	Bieganie	80	20	145	158					354	04:57	15.8	Lasek  będzie ok, 12-14km na spokojnie! 		https://connect.garmin.com/modern/activity/5118074375	https://www.strava.com/activities/3643620133
		2020-06-21	Niedziela	Pływanie	55										2100	Technika + 25x50m - 60s		https://connect.garmin.com/modern/activity/5123490288	
		2020-06-21	Niedziela	Siłownia	45											Core + łydki + ręce			
		2020-06-22	Poniedziałek	Rower	60		135	178	89	300		70	350	26	26	Zakładka - VO2max - 4x4min	Garmin nie zapisał aktywności, średnia moc: 400, 404, 405, 404, podjazdy pod Kopiec
		2020-06-22	Poniedziałek	Bieganie	40	15	145	148					6	04:20	9	Zakładka - tlen	Świeże nogi, bardzo dobre bieganie	https://connect.garmin.com/modern/activity/5127662986	
		2020-06-23	Wtorek	Rower	100	15	144	162	83	292		105,3	25	36,6	59	Czasówka - Wytrzymałość siłowa (tempo) - 3*20min @330-335W / 5min	Tętno niższe niż ostatnio, HR/W: 154/329, 155/328, 156/330	https://connect.garmin.com/modern/activity/5134014693	https://www.strava.com/activities/3659818119
		2020-06-24	Środa	Bieganie	65		144	174					6	04:26	13,3	Rozruch 2km+rozciąganie +10x800(tempo 3.20-25)/ 1,5min odpoczynku+2kmBS	Stadion	https://connect.garmin.com/modern/activity/5137298088	
		2020-06-24	Środa	Pływanie	60										2100	Technika + 6x100m@1:35 łapki 		https://connect.garmin.com/modern/activity/5138436084	
		2020-06-24	Środa	Siłownia	60											Core + łydki + ręce			
		2020-06-25	Czwartek	Rower	115	20	135	147	80	238	1,82	82,3	275	34.4	65	Czasówka - spokojny tlen	Słaby dzień, raczej wysokie tętno	https://connect.garmin.com/modern/activity/5143534048	https://www.strava.com/activities/3669441614
		2020-06-26	Piątek	Bieganie	70		145	161					14	04:50	14	Tlen 10-12km+rytmy 8-10x100/100	Gorąco, w samo południe, bardzo wysokie tętno	https://connect.garmin.com/modern/activity/5147301696	
		2020-06-26	Piątek	Pływanie	55										1900	Technika		https://connect.garmin.com/modern/activity/5148722000	
		2020-06-27	Sobota	Rower	130	10	153	165	86	283		128,1	225	37.4	78	Czasówka - tempo	Gorąco, dobry trening	https://connect.garmin.com/modern/activity/5152118125	https://www.strava.com/activities/3677855277
		2020-06-27	Sobota	Góry	50								223		2	Góry z dziećmi pod namiotem - Gorce		https://connect.garmin.com/modern/activity/5158551424	https://www.strava.com/activities/3684266980
		2020-06-28	Niedziela	Góry	180								350		9	Góry z dziećmi pod namiotem - Gorce		https://connect.garmin.com/modern/activity/5158551784	https://www.strava.com/activities/3684267655
		2020-06-28	Niedziela	Bieganie	80	20	155	166					463	04:56	15.4	Bieganie po górach - Gorce	Mocny trening na zmęczonych nogac, Jeden KOM, drugi czas Stare Wierchy - Turbacz	https://connect.garmin.com/modern/activity/5158552031	https://www.strava.com/activities/3684267894
		2020-06-29	Poniedziałek	Pływanie	60										1800	Technika		https://connect.garmin.com/modern/activity/5162055782
		2020-06-29	Poniedziałek	Siłownia	50	110										Core + łydki + ręce			
		2020-06-30	Wtorek	Rower	100		143	171	87	310		118,5	1019	27.2	44	Zakładka - Wytrzymałość siłowa - 8x6min@360W - ZOO 	Wysokie tętno, Suma interwałów: 49min, HR/W: 155/356, 157/362, 158/364, 160/362, 159/362, 160/363, 161/366, 163/374	https://connect.garmin.com/modern/activity/5167224569	https://www.strava.com/activities/3692733941
		2020-06-30	Wtorek	Bieganie	45	10	147	152					12	04:19	10	Zakładka - Tlen - 8-10km		https://connect.garmin.com/modern/activity/5167459336	
		2020-07-01	Środa	Rower	120	15	135	154	85	264		100	444	33.6	65	Tlen na czasówce	Garmin źle pokazywal tętno	https://connect.garmin.com/modern/activity/5171629393	https://www.strava.com/activities/3697150602
		2020-07-02	Czwartek	Bieganie	65	20	152	180					6	04:22	13	rozruch 3km +roziąganie 5min+6x1200(tempo 3.25-30)/1,5min odpoczynku	Mega gorąco, trening w pełnym słońcu na stadionie, wysokie tętno	https://connect.garmin.com/modern/activity/5176350774	
		2020-07-02	Czwartek	Pływanie	65										2000	Technika + akcenty 100m	Dobre pływanie, szybkie tempo na akcentach	https://connect.garmin.com/modern/activity/5177885931	
		2020-07-03	Piątek	Bieganie	60	20	136	141					6	04:35	12.1	12km w tlemie		https://connect.garmin.com/modern/activity/5181131674	
		2020-07-04	Sobota	Rower	195	25	142	157	86	279		190	393	36.4	116	Czasówka - mocny tlen + tempo		https://connect.garmin.com/modern/activity/5185761001	https://connect.garmin.com/modern/activity/5185761001
		2020-07-05	Niedziela	Rower	120										31	Regeneracja		https://connect.garmin.com/modern/activity/5191337339	https://www.strava.com/activities/3716829144
		2020-07-05	Niedziela	Bieganie	100	15	146	163					487	05:06	18.6	Lasek, 16-18km w tlenie		https://connect.garmin.com/modern/activity/5193280805	https://www.strava.com/activities/3718840006
		2020-07-05	Niedziela	Siłownia	45											Ręce + gumy			
		2020-07-06	Poniedziałek	Rower	130	145	137	168	86	282	2,04	132	1152	30,5	66	Tlen + tempo po górach	Rewelacyjne EF, niskie tętno	https://connect.garmin.com/modern/activity/5196003199	https://www.strava.com/activities/3721496875
		2020-07-07	Wtorek	Pływanie	60										1800	Technika + 5x100m@1:35 łapki 		https://connect.garmin.com/modern/activity/5200971658	
		2020-07-07	Wtorek	Siłownia	35											Ręce + łydki			
		2020-07-08	Środa	Bieganie	60	20	143	168					6	04:29	12	stadion. rozruch 3km+ 12-15x400( tempo zawodów na 10km, czyli gdzieś 3.25-30)/45 sek odpoczynku+2-3km BS		https://connect.garmin.com/modern/activity/5205472259	
		2020-07-08	Środa	Siłownia	35											Core + łydki			
		2020-07-09	Czwartek	Rower	70		136	160	88	314		90	20	36,2	42	Zakładka - Czasówka - Wytrzymałość siłowa - 5x8min@360W 	Najlepsze interwały na czasówce, bardzo niskie tętno, suma interwałów: 41min, HR/W: 151/350, 152/350, 153/351, 153/351, 154/351, 	https://connect.garmin.com/modern/activity/5211221594	
		2020-07-10	Piątek	Pływanie	65										2100	CSS - 15x100m/10s @1:43	Rewelacyjny trening - życiówka 100m/10s. Pierwszy jakościowy trening od stycznia. Przerwy co 15s.	https://connect.garmin.com/modern/activity/5214965561	
		2020-07-11	Sobota	Bieganie	55	15	151	163					12	03:59	12.3	BS 2km+ 8km po 3.45-50+2-3km BS		https://connect.garmin.com/modern/activity/5221549528	
		2020-07-12	Niedziela	Pływanie	60										1700	CSS - 400m/200m/100m @1:45		https://connect.garmin.com/modern/activity/5226318086	
		2020-07-12	Niedziela	Siłownia	45											Core + ręce + łydki			
		2020-07-13	Poniedziałek	Góry	90								288		7	Passo di Sella	Lekko czuję lewą piętę	https://connect.garmin.com/modern/activity/5232365488	https://www.strava.com/activities/3757656525
		2020-07-14	Wtorek	Rower	170	15	143	167	85	279		180	2124	23.5	65.5	Sella Ronda		https://connect.garmin.com/modern/activity/5236476340	https://www.strava.com/activities/3761773705
		2020-07-15	Środa	Góry	130								400		8.8	Viel dal Pan	Lekko czuję lewą piętę	https://connect.garmin.com/modern/activity/5241153940	https://www.strava.com/activities/3766459214
		2020-07-15	Środa	Bieganie	60	20	146	157					449	05:33	10.2	Val del Contrin	Lekko czuję lewą piętę	https://connect.garmin.com/modern/activity/5241154090	https://www.strava.com/activities/3766459468
		2020-07-16	Czwartek	Góry	90								230		6	Sas d'Adam	Lekko czuję lewą piętę	https://connect.garmin.com/modern/activity/5245464428	https://www.strava.com/activities/3770767388
		2020-07-16	Czwartek	Bieganie	45	25	153	164					123	04:01	10.1	II zakres - 8km		https://connect.garmin.com/modern/activity/5246474348	https://www.strava.com/activities/3771749103
		2020-07-17	Piątek	Góry	110								400		8.1	Sentiero Lino Pederiva		https://connect.garmin.com/modern/activity/5249916010	https://www.strava.com/activities/3775211954
		2020-07-17	Piątek	Rower	170	25	140	164	81	258		144,1	2103	23.2	65.5	Passo Fedaia wschód	Czuję nogi po górach i po bieganiu	https://connect.garmin.com/modern/activity/5251112153	https://www.strava.com/activities/3776357445
		2020-07-18	Sobota	Góry	185	15							363		9.2	Sassolungo		https://connect.garmin.com/modern/activity/5255646702	https://www.strava.com/activities/3780815521
		2020-07-19	Niedziela	Rower	245		140	164	85	261		211,7	2859	23.9	96	Falzarego południe		https://connect.garmin.com/modern/activity/5259573973	https://www.strava.com/activities/3784718033
		2020-07-19	Niedziela	Rower	90	20			77	222		58,4	393	23.2	36	Val di Fassa z Szymkiem + powrót do domu - ogień		https://connect.garmin.com/modern/activity/5261501594	https://www.strava.com/activities/3786715632
		2020-07-20	Poniedziałek	Góry	190	10							843		9.5	Roda di Vael - ferrata		https://connect.garmin.com/modern/activity/5265483672	https://www.strava.com/activities/3790579303
		2020-07-21	Wtorek	Rower	210		138	163	83	260		180	2259	25.8	89	Passo Fedaia + Passo San Pelegrino		https://connect.garmin.com/modern/activity/5269200313	https://www.strava.com/activities/3794313831
		2020-07-21	Wtorek	Bieganie	80	30	148	162					581	05:20	14.9	Passo Fedaia		https://connect.garmin.com/modern/activity/5271777808	https://www.strava.com/activities/3796814557
		2020-07-22	Środa	Góry	180								465		6.5	Viel de la Feide		https://connect.garmin.com/modern/activity/5275528052	https://www.strava.com/activities/3800618489
		2020-07-22	Środa	Rower	105	20	137	160	85	270		95,8	1325	22.5	39	Passo Sella + Passo Pordoi	Na bardzo zmęczonych nogach, bardzo niskie tętno, dobry trening	https://connect.garmin.com/modern/activity/5276677273	https://www.strava.com/activities/3801722411
		2020-07-24	Piątek	Pływanie	60										2000	Technika + 6x100m akcenty	Dobre tempo po 10 dniach bez pływania	https://connect.garmin.com/modern/activity/5283742271	
		2020-07-24	Piątek	Siłownia	40											Core + ręce			
		2020-07-25	Sobota	Rower	80		149	168	88	302		88	285	36.3	46	Zakładka - Czasówka - Wytrzymałość siłowa - 5x8min@340W 	Wysokie tętno i zmęczenie, suma interwałów: 39min, HR/W: ok. 152/344, 155/345, 158/345, 158/352, 158/345		
		2020-07-25	Sobota	Bieganie	45	20	150	160					90	04:20	10	Zakładka - II zakres	Biegłem w samo południe w pełnym słońcu, gorąco. Na początku niskie tetno, nie mogłem biec szybciej, potem coraz wyższe	https://connect.garmin.com/modern/activity/5283742418	
		2020-07-26	Niedziela	Rower	175	10	145	164	89	255		175,1	1100	34,8	100	Czasówka - tempo	Gorąco	https://connect.garmin.com/modern/activity/5283743625	https://www.strava.com/activities/3819504937
		2020-07-26	Niedziela	Bieganie	50	20	145	172					90	04:35	10.2	Rozruch 5km + 10x300m (90% maks) / 1min odpoczynku + 1km spokojnie		https://connect.garmin.com/modern/activity/5283744214	
		2020-07-27	Poniedziałek	Bieganie	45	10	133	143					87	04:56	8	8km tlen		https://connect.garmin.com/modern/activity/5285085550
		2020-07-27	Poniedziałek	Pływanie	60	60									2200	11x50m / 10s + 5x50m mocno + 2x500m	Słaby dzień	https://connect.garmin.com/modern/activity/5288512909	
		2020-07-28	Wtorek	Rower	105	25	134	149	87	235	1.81	74,5	476	34,5	60	Czasówka - tlen	Gorąco (+31), czuję nogi, słabe EF	https://connect.garmin.com/modern/activity/5292549519	https://www.strava.com/activities/3826673960
		2020-07-29	Środa	Bieganie	60	20	156	183					137	04:29	12.3	BS 3km+ piramidka 400-800-1200-1600-1600-1200-800-400+BS 2-3km	Gorąco (+28), w pełnym słońcu	https://connect.garmin.com/modern/activity/5300211148	
		2020-07-29	Środa	Siłownia	45											Gumy			
		2020-07-29	Środa	Pływanie	50										1700	Technika + akcenty 6x100m	Słaby dzień	https://connect.garmin.com/modern/activity/5302530598	
		2020-07-30	Czwartek	Rower	70	10	149	171	89	302		78,3	308	36,8	42	Zakładka - Czasówka - Wytrzymałość siłowa - 9 + 12 + 16 min @340W 	Gorąco (+28), bardzo czuję nogi po wczoraj, bardzo mocny trening, suma interwałów: 38min, HR/W: 155/340, 159/342, 161/340	https://connect.garmin.com/modern/activity/5306892814	https://www.strava.com/activities/3838264246
		2020-07-30	Czwartek	Bieganie	75	15	144	150					151	04:35	15	Zakładka - tlen 14-16km	Gorąco (+28), w pełnym słońcu	https://connect.garmin.com/modern/activity/5307333006	
		2020-07-31	Piątek	Bieganie	75	25	152	164					155	04:11	17.1	BS 2km+12-14km w II zakresie(tempo 4.05-10)	W pełnym słońcu, mocno czuję nogi 	https://connect.garmin.com/modern/activity/5312225491	
		2020-07-31	Piątek	Siłownia	65											Gumy + ręce + łydki + core			
		2020-08-01	Sobota	Rower	180	25	139	158	88	256		151,9	1115	34,2	103	Czasówka - tlen + tempo	Mocno czuję nogi, dużo niższe tętno niż tydzień temu	https://connect.garmin.com/modern/activity/5312225491	https://www.strava.com/activities/3847498534
		2020-08-02	Niedziela	Bieganie	100	10	147	168					601	04:59	19.3	Bieganie po górach - Beskid Niski		https://connect.garmin.com/modern/activity/5324373222	https://www.strava.com/activities/3853834981
		2020-08-02	Niedziela	Pływanie	50	45									1600	Technika	Słaby dzień	https://connect.garmin.com/modern/activity/5325978263	
		2020-08-03	Poniedziałek	Rower	65		110	120	84	173		24,9	201	30,4	33	Czasówka - regeneracja		https://connect.garmin.com/modern/activity/5328704353	https://www.strava.com/activities/3857944145
		2020-08-04	Wtorek	Pływanie	60										1700	Technika + 6x100m max + 6x50m - VO2max	Najszybsze interwały 100m VO2max, ale z długimi przerwami	https://connect.garmin.com/modern/activity/5334380544	
		2020-08-04	Wtorek	Siłownia	40	120										Ręce + łydki + core			
		2020-08-05	Środa	Rower	70		143	162	85	294		76	27	36,3	42	Zakładka - Czasówka - Wytrzymałość siłowa (tempo) - 2-3*20min @325W / 5min	ugryzła mnie pszczoła w prawą łydkę, HR/W: 154/325, 157/325	https://connect.garmin.com/modern/activity/5339352886	https://www.strava.com/activities/3868205968
		2020-08-05	Środa	Bieganie	50	25	146	151						04:07	11	Zakładka - tlen	Super tempo, bardzo dobrze mi się biegło	https://connect.garmin.com/modern/activity/5339621401	
		2020-08-06	Czwartek	Bieganie	55	20	152	164					13	04:10	12	BS 2km+2x4km(tempo 3.50-4min)/1km ruchtu	prawa noga spuchnięta (ugryzienie pszczoły), czuję cały bieg, wysokie tętno, stan podgorączkowy	https://connect.garmin.com/modern/activity/5343759835	
		2020-08-06	Czwartek	Siłownia	60											Ręce + łydki + core			
		2020-08-07	Piątek	Rower	75		146	175	84	280		70,1	32	33,2	39	VO2max - 4x5min + ustawianie czasówki	Pierwszy interwał 0.5cm wyżej + lemondka do góry, drugi - oryginalne ustawienie, 3 i 4 - 1cm wyżej i lemondka jeszcze bardziej do góry - tu było najszybciej, lekko osłabiony - bardzo wysokie tętno, spuchnięta noga (ugryzienie pszczoły), gorąco (+30), jak wróciłem, to miałem temperaturę 37.7, HR/W	https://connect.garmin.com/modern/activity/5349654046	https://www.strava.com/activities/3878243774
		2020-08-09	Niedziela	Bieganie	75	10	150	163					327	05:11	14.2	BS 14-16km, tlen, lasek Wolski?		https://connect.garmin.com/modern/activity/5358894509	https://www.strava.com/activities/3887300068
		2020-08-09	Niedziela	Góry	175	15							529		7	Gorce		https://connect.garmin.com/modern/activity/5361209038	https://www.strava.com/activities/3889606125
		2020-08-10	Poniedziałek	Pływanie	60										2100	CSS - 15x100m/10s @1:43	Rewelacyjny trening - życiówka 100m/10s, była jeszcze rezerwa	https://connect.garmin.com/modern/activity/5364115423
		2020-08-10	Poniedziałek	Bieganie	50	20	142	167					12	04:28	11.1	BS 8-10km+ rytmy	Gorąco (+29)	https://connect.garmin.com/modern/activity/5365325246	
		2020-08-11	Wtorek	Rower	95	10	145	163	86	294		101,3	52	36,3	55	Czasówka - Wytrzymałość siłowa (tempo) - 3*20min @325-330W / 5min	Pierwsze 2 interwały w upale i słońcu (+30), potem burza i ostatni w chłodzie i wtedy bardzo niskie tętno, HR/W: 156/325, 158/325, 150/325	https://connect.garmin.com/modern/activity/5369462132	https://www.strava.com/activities/3897444078
		2020-08-12	Środa	Rower	90	10	139	148	87	246	1,8	66,2	29	36,7	53	Czasówka - tlen	Wydaje się, że na tej pozycji jest szybciej, słabe EF	https://connect.garmin.com/modern/activity/5373687594	https://www.strava.com/activities/3901602735
		2020-08-12	Środa	Bieganie	55	20	152	178					7	04:15	11	BS 3-4km+6-8x800 @3:20-3:25/1min	Bardzo ciężki trening, gorąco, za mało węgli	https://connect.garmin.com/modern/activity/5375448094	
		2020-08-13	Czwartek	Pływanie	50										1500	Technika + 6x100m - VO2max	Najszybsze interwały 100m VO2max		
		2020-08-13	Czwartek	Siłownia	35											Ręce + core			
		2020-08-14	Piątek	Bieganie	65	25	155	180					16	04:05	15.1	2km rozruch + 5km na granicy tlenu (4:00-4:05) + 6km II zakres (3:40-3:50) + 2km spokojnie	Gorąco (+28), wysokie tętno	https://connect.garmin.com/modern/activity/5385203690	
		2020-08-15	Sobota	Rower	140	20	148	163	87	267		124,9	310	37,4	85	Czasówka - tempo	Gorąco, czuję nogi po bieganiu, wysokie tętno, wydaje się, że na tej pozycji jest szybciej	https://connect.garmin.com/modern/activity/5390100038	https://www.strava.com/activities/3917540107
		2020-08-16	Niedziela	Góry	180								677		9	Luboń Wielki		https://connect.garmin.com/modern/activity/5394760545	https://www.strava.com/activities/3922157506
		2020-08-17	Poniedziałek	Pływanie	65										2400	Technika + 2x1000m	Drugi najszybszy czas na 1000m na basenie	https://connect.garmin.com/modern/activity/5398730629
		2020-08-17	Poniedziałek	Siłownia	45	100										Ręce + core + łydki			
		2020-08-18	Wtorek	Bieganie	60	20	141	147					12	04:26	12.1	BS 10-12km tlen	Parno	https://connect.garmin.com/modern/activity/5404014783	
		2020-08-19	Środa	Rower	70	10	145	173	82	291		75,2	31	34.9	41	Czasówka - Wytrzymałość siłowa - 4x9min@340W	Wysokie tętno, nie czuję mocy w nogach,  HR/W - 158/340, 161/340, 162/340, 163/340	https://connect.garmin.com/modern/activity/5409349461	https://www.strava.com/activities/3936204111
		2020-08-19	Środa	Bieganie	55	20	142	170					12	04:36	11	BS 8km tlen+ rytmy 5x200/200		https://connect.garmin.com/modern/activity/5410388060	
		2020-08-20	Czwartek	Pływanie	60										2000	CSS - 3x400m/40s	Drugie najszybsze CSS400m	https://connect.garmin.com/modern/activity/5413344262	
		2020-08-21	Piątek	Rower	90	20	138	148	84	240		61,8	23	36.2	50	Czasówka - tlen		https://connect.garmin.com/modern/activity/5418710780	https://www.strava.com/activities/3945159514
		2020-08-22	Sobota	Bieganie	40	20	146	178					8	04:38	7.5	rozruch 5-6km BS +rytmy 2x200/200+2x500(tempo 3.10-15)/30 sek odpoczynku+1-2km trucht		https://connect.garmin.com/modern/activity/5422001725	
		2020-08-22	Sobota	Pływanie	30										800	3x100m - VO2max		https://connect.garmin.com/modern/activity/5423952311	
		2020-08-23	Niedziela	Pływanie	40										1400	Katowice 1/4IM	Tempo ok. 1:50, swimskin w zimnej wodzie, spóźniony start, pierwsze 2 minuty praktycznie nie płynąłem	https://connect.garmin.com/modern/activity/5429776641/1	
		2020-08-23	Niedziela	Rower	70		150	161	89	294		75,3	352	38.5	44	Katowice 1/4IM	Od początku nie czuję mocy w nogach, Zgubiłem bidon po drodze - minus 30-45s	https://connect.garmin.com/modern/activity/5427656630	https://www.strava.com/activities/3953588040
		2020-08-23	Niedziela	Bieganie	45	25	161	176					111	03:51	10.7	Katowice 1/4IM	Od początku nie czuję mocy w nogach, Kolka na 3km - bardzo szybko pokonana przez głębokie oddechy, potem do końca już było w miarę szybko	https://connect.garmin.com/modern/activity/5429776641/5	
		2020-08-24	Poniedziałek	Pływanie	50										1100	Technika	Bardzo słaby dzień
		2020-08-24	Poniedziałek	Siłownia	45	100										Ręce + core + łydki			
		2020-08-25	Wtorek	Bieganie	60	20	136	142					11	04:34	12	Spokojny tlen 12-14km	Niskie tętno	https://connect.garmin.com/modern/activity/5437377188	
		2020-08-27	Czwartek	Bieganie	65	25	144	169					186	05:12	11	Siła biegowa	Wysokie tętno	https://connect.garmin.com/modern/activity/5448089032	
		2020-08-28	Piątek	Góry	150	15							563		9.4	Gorc Troszacki		https://connect.garmin.com/modern/activity/5456594518	https://www.strava.com/activities/3981333590
		2020-08-29	Sobota	Rower	115	10	139	162	89	269	1,94	104,9	692	32.7	62	Mocny tlen		https://connect.garmin.com/modern/activity/5458107978	https://www.strava.com/activities/3982848889
		2020-08-29	Sobota	Pływanie	60	60									1800	Technika + 2x500m	Dobre pływanie	https://connect.garmin.com/modern/activity/5458903326	
		2020-08-30	Niedziela	Bieganie	70	25	143	149					110	04:37	14.1	Zakładka - tlen 14-16km	Gorąco (+30) i parno, nie czuję mocy w nogach, wysokie tetno	https://connect.garmin.com/modern/activity/5462460927	
		2020-08-30	Niedziela	Siłownia	25											Gumy			
		2020-08-31	Poniedziałek	Pływanie	60										2100	CSS - 7x200m/20s @1:43		https://connect.garmin.com/modern/activity/5466358274
		2020-08-31	Poniedziałek	Rower	100	20	135	154	88	252	1,92	77	506	31.8	50	Tlen	Mocny wiatr, na początku dosyć wysokie tętno, potem niskie i wysoka moc	https://connect.garmin.com/modern/activity/5467148452	https://www.strava.com/activities/3991930477
		2020-09-01	Wtorek	Bieganie	65	120	147	171					6	04:31	13	BS 3km + 15x400(tempo zawodów na 5-10km, czyli gdzieś 3.30)/odpoczynek 45 sek+ BS 3km		https://connect.garmin.com/modern/activity/5471249348	
		2020-09-02	Środa	Bieganie	65	25	143	150					18	04:26	13.1	BS 12-14km tlen		https://connect.garmin.com/modern/activity/5475769000	
		2020-09-03	Czwartek	Pływanie	50										1400	Technika + 15x50m - 20/40/60s		https://connect.garmin.com/modern/activity/5482120771	
		2020-09-03	Czwartek	Siłownia	45											Ręce + core + łydki			
		2020-09-04	Piątek	Rower	80		142	174	88	307		92,8	769	26.7	35	Zakładka - Wytrzymałość siłowa - 6x6min@360-370W - ZOO 	Dosyć wysokie tętno, ale czuję moc w nogach. Suma interwałów: 37min, HR/W: 157/360, 160/362, 160/368, 162/370, 163/371, 162/370	https://connect.garmin.com/modern/activity/5486154434	https://www.strava.com/activities/4010445760
		2020-09-04	Piątek	Bieganie	45	30	159	167					13	03:50	10.9	Zakładka  rower +10-12km czut ponożej progu anaerobowego 	Dosyć wysokie tętno, ale czuję moc w nogach, cały bieg z rezerwą, myślę, że dałbym radę spokojnie zejść poniżej 3:40 na 10km. Tempo 3:45/162	https://connect.garmin.com/modern/activity/5486426142	
		2020-09-05	Sobota	Góry	110								456		5	Gorce		https://connect.garmin.com/modern/activity/5491661688	https://www.strava.com/activities/4016137481
		2020-09-05	Sobota	Rower	90	20	130	149	85	252	1,97	70,3	770	24.8	36	6xZOO - tlen	HR/W: 142/281, 142/283, 142/281, 142/283, 142/284, 142/287	https://connect.garmin.com/modern/activity/5492202794	https://www.strava.com/activities/4016689897
		2020-09-06	Niedziela	Bieganie	100	25	146	158					485	04:59	19.1	Lasek na spokojnie 18-20km		https://connect.garmin.com/modern/activity/5496738436	https://www.strava.com/activities/4021214323
		2020-09-07	Poniedziałek	Pływanie	50										1500	Technika		https://www.strava.com/activities/4030557305
		2020-09-07	Poniedziałek	Siłownia	55											Ręce + core + łydki			
		2020-09-08	Wtorek	Rower	90	25	141	173	88	307		105	763	27.7	40	Zakładka - Wytrzymałość siłowa - 5x6min@360-370W - ZOO 	Dosyć wysokie tętno, ale czuję moc w nogach, HR/W: 157/360, 159/367, 161/370, 161/370, 162/376	https://connect.garmin.com/modern/activity/5506363649	https://www.strava.com/activities/4030383067
		2020-09-09	Środa	Bieganie	50	10	153	177					8	04:14	10.4	5x1km@3:20/1min		https://connect.garmin.com/modern/activity/5510620628	
		2020-09-09	Środa	Rower	80	20	145	163	88	255		66,1	238	34	45	Tlen	Wyszło wysokie tętno po bieganiu, ale czuć moc w nogach	https://connect.garmin.com/modern/activity/5511401697	https://www.strava.com/activities/4035226941
		2020-09-10	Czwartek	Bieganie	45	25	142	147					8	04:20	9	Tlen	Dobre bieganie	https://connect.garmin.com/modern/activity/5515439045	
		2020-09-11	Piątek	Pływanie	50										1500	Technika + szybkość		https://connect.garmin.com/modern/activity/5520925253	
		2020-09-12	Sobota	Bieganie	35	20	146	165					72	04:26	7	Rozruch - 4x200/200		https://connect.garmin.com/modern/activity/5524540538	
		2020-09-13	Niedziela	Pływanie	40									01:42	1500	Iron Dragon	Dobre pływanie, pierwsza pętla mogła być szybsza	https://connect.garmin.com/modern/activity/5530822409/1	
		2020-09-13	Niedziela	Rower	65		158	179	89	294		67,4	288	37.9	39	Iron Dragon	5 open, sekunda straty do 4	https://connect.garmin.com/modern/activity/5530252291	https://www.strava.com/activities/4053436380
		2020-09-13	Niedziela	Bieganie	45		170	180					55	03:43	10	Iron Dragon	Gorąco, drugi czas zawodów	https://connect.garmin.com/modern/activity/5530822409/5	
		2020-09-14	Poniedziałek	Rower	80	25	121	139	88	225	1,89	49,7	180	32.2	42	Spokojny tlen		https://connect.garmin.com/modern/activity/5534846419	https://www.strava.com/activities/4057883476
		2020-09-15	Wtorek	Bieganie	50	20	144	150					12	04:19	10.6	Tlen		https://connect.garmin.com/modern/activity/5540616639	
		2020-09-16	Środa	Góry	210	25							271		11	Tatry z dziećmi		https://connect.garmin.com/modern/activity/5546465110	https://www.strava.com/activities/4068981308
		2020-09-17	Czwartek	Pływanie	50										1500	Technika		https://connect.garmin.com/modern/activity/5550299239	
		2020-09-17	Czwartek	Siłownia	50	120										Ręce + core + łydki			
		2020-09-18	Piątek	Bieganie	50	25	144	176					10	04:37	10	Rozruch 5km + 10x300m (90% maks) / 1min odpoczynku + 1km spokojnie	Szybkie interwały (2:55), dosyć wysokie tętno, rozruch na niskim tętnie (4:19/142)	https://connect.garmin.com/modern/activity/5555182664	
		2020-09-19	Sobota	Rower	130	35	136	167	86	265	1,92	114,5	1025	28,3	60	Tempo po górkach	Dosyć wolno, średni trening	https://connect.garmin.com/modern/activity/5560927316	https://www.strava.com/activities/4082984176
		2020-09-20	Niedziela	Bieganie	95	30	155	173					524	04:51	19.1	Lasek	Czuję nogi po ostatnich treningach, Wysokie tętno, za mało zjadłem	https://connect.garmin.com/modern/activity/5564913160	https://www.strava.com/activities/4086901266
		2020-09-21	Poniedziałek	Pływanie	50	100									1800	CSS - 12x100m/10-20s	Słaby trening, czuję nogi po wczoraj	https://connect.garmin.com/modern/activity/5571044090
		2020-09-22	Wtorek	Bieganie	55	25	155	176					10	03:59	12	2x4km	Gorąco (+26), bieg z rezerwą, 4km - 3:37/161, 4km - 3:32/167	https://connect.garmin.com/modern/activity/5575200440	
		2020-09-23	Środa	Rower	110	20	140	165	89	305		130	1150	26.9	47	Wytrzymałość siłowa - 9x6min@360W - ZOO 	Słaba moc, czuję zmęczenie po wczoraj, Suma interwałów: 56min, HR/W: 152/350, 153/355, 154/358, 155/358, 156/360, 156/359, 157/358, 157/356, 158/360	https://connect.garmin.com/modern/activity/5580265892	
		2020-09-24	Czwartek	Rower	100	10	134	152	84	248	1,89	75,9	535	31,5	51	Czasówka - tlen po górkach	Czuję moc w nogach, mimo zmęczonych nóg, niskie tętno, zwłaszcza na podjazdach	https://connect.garmin.com/modern/activity/5584863672	https://www.strava.com/activities/4105821258
		2020-09-24	Czwartek	Bieganie	60	20	144	165					12	04:25	13	BS 8-10km po 4.20-25+ rytmy10x200/200	Bieg na zmęczonych nogach, niskie tętno: 8km/4:20/142	https://connect.garmin.com/modern/activity/5586125156	
		2020-09-25	Piątek	Rower	75		142	160	85	282		70,7	23	35.5	41	Zakładka - Czasówka - sweet spot - 2*20min @325W / 5min	HR/W: 153/315, 154/325	https://connect.garmin.com/modern/activity/5588625991	https://www.strava.com/activities/4109485890
		2020-09-25	Piątek	Bieganie	60	25	148	163					12	04:13	13	Zakładka, rower+ 4-5x(BS 2km+1km na 3.40-45)	Bardzo ciężki trening, pierwsze kilometry po rowerze super tempo, niskie tętno, potem bardzo czuję nogi przy interwałach, bardzo dobry trening na pobudzenie	https://connect.garmin.com/modern/activity/5588853657	
		2020-09-26	Sobota	Pływanie	65	20									2300	Base Aerobic - 2x(400+300+200+100) / 15s		https://connect.garmin.com/modern/activity/5593592272	
		2020-09-26	Sobota	Siłownia	55											Ręce + core + łydki			
		2020-09-27	Niedziela	Bieganie	100	20	143	157					538	05:07	19.3	Lasek	Super trening, niskie tętno	https://connect.garmin.com/modern/activity/5598838380	https://www.strava.com/activities/4119524328
		2020-09-28	Poniedziałek	Pływanie	45	90									1900	Base Aerobic - 2x(400+300+200+100) / 15s	Dobry trening, dobre czucie wody	https://connect.garmin.com/modern/activity/5604783234
		2020-09-29	Wtorek	Rower	80		139	171	85	313		96,5	769	26,5	34	Zakładka - Wytrzymałość siłowa - 6x6min@360W - ZOO 	Czuję moc w nogach, Suma interwałów: 37min, HR/W: 156/361, 159/370, 161/379, 161/379, 161/379, 162/380	https://connect.garmin.com/modern/activity/5607768660	https://www.strava.com/activities/4128079030
		2020-09-29	Wtorek	Bieganie	55	20	144	149					12	04:15	12	Zakładka - BS w tlenie 12-14km (4.20-25)	Niskie tętno, cały bieg takie samo szybkie tempo	https://connect.garmin.com/modern/activity/5608079178	
		2020-09-30	Środa	Pływanie	50										2000	CSS - 12x100m/10s + 500m pull+łapki	Rewelacyjny trening - życiówka 100m/10s, była jeszcze rezerwa	https://connect.garmin.com/modern/activity/5613004820	
		2020-09-30	Środa	Siłownia	60											Ręce + core + łydki			
		2020-10-01	Czwartek	Bieganie	50	25	143	166					7	04:26	10.1	BS 6km po 4.15-20+10x200/200+1-2km truchtu		https://connect.garmin.com/modern/activity/5618130487	
		2020-10-01	Czwartek	Rower	70		148	165	85	279		67,8	15	35,8	41	Zakładka - Czasówka - sweet spot - 2*20min @315W / 5min	Bardzo wysokie tętno, czuję nogi po wczorajszych rytmach, słaby dzień, HR/W: 159/315, 160/315	https://connect.garmin.com/modern/activity/5621361722	https://www.strava.com/activities/4141163680
		2020-10-02	Piątek	Bieganie	50	25	147	165					5	04:20	10.5	Zakładka, rower+2km BS +8-10km po 4.00+1-2km BS	Lekkie bieganie, niskie tętno	https://connect.garmin.com/modern/activity/5621545165	
		2020-10-03	Sobota	Pływanie	60										1800	Technika + 20x50min/10s	Równe tempo	https://connect.garmin.com/modern/activity/5627666598	
		2020-10-04	Niedziela	Bieganie	95	40	143	158					480	05:08	17.5	Lasek, na spokojnie 16-17km! 	Podobnie, jak tydzień temu	https://connect.garmin.com/modern/activity/5631823081	https://www.strava.com/activities/4151137845
		2020-10-05	Poniedziałek	Pływanie	65										2000	Technika + 3x500m	Dobre tempo	https://connect.garmin.com/modern/activity/5634694747
		2020-10-06	Wtorek	Rower	95	10	140	176	85	291		97	555	29	43	Czasówka - Wytrzymałość siłowa - 4x6min@370W - ZOO + 10min@310W + moc 4x30s	Nie czuję mocy w nogach, suma interwałów: 24min, HR/W: 160/369, 163/373, 165/381, 165/382	https://connect.garmin.com/modern/activity/5639543109	https://www.strava.com/activities/4158446743
		2020-10-06	Wtorek	Bieganie	40	20	142	164					10	04:30	8	Bs 10-12km w tlenie plus rytmy 5x200/200	Mocno zmęczone nogi po rowerze	https://connect.garmin.com/modern/activity/5640461324	
		2020-10-07	Środa	Bieganie	40	30	148	167					10	04:17	8,4	BS 4km rozruch+5x1km(tempo 3.30)/1min odpoczynku+trucht 1km	Niskie tętno	https://connect.garmin.com/modern/activity/5644509677	
		2020-10-08	Czwartek	Pływanie	45	25									1100	Technika + sprinty + moc - 200m + 300T + (10x25m max / 40s) + (5x50m / 30s)	Najszybsze interwały 25m i 50m	https://connect.garmin.com/modern/activity/5648819149	
		2020-10-10	Sobota	Rower	30		139	173	80	284		24,8	140	21.7	9	Rozruch - 6x30s@>450W / 3min		https://connect.garmin.com/modern/activity/5656832060	https://www.strava.com/activities/4175084492
		2020-10-10	Sobota	Bieganie	15	20	153	173					4	04:20	3,3	rozuch 5-6km, rozciąganie +rytmy 4-5x150/150!		https://connect.garmin.com/modern/activity/5656949098	
		2020-10-11	Niedziela	Pływanie	20									01:31	1100	Kocierz	Najmocniejsze pływanie na zawodach	https://connect.garmin.com/modern/activity/5663870289/1	
		2020-10-11	Niedziela	Rower	115		159	169	88	305		134,4	1190	30,8	58	Kocierz	Najmocniejszy rower na zawodach - czasówka, 2 czas zawodów	https://connect.garmin.com/modern/activity/5663836520	https://www.strava.com/activities/4182022550
		2020-10-11	Niedziela	Bieganie	70	100	160	171					650	05:07	13	Kocierz	Po kilku kilometrach mega skurcz w prawym dwugłowym - strata koło minuty, pierwszy czas zawodów	https://connect.garmin.com/modern/activity/5663870289/5	https://www.strava.com/activities/4182057275
		2020-10-19	Poniedziałek	Siłownia	60											Ręce + core + łydki
		2020-10-21	Środa	Siłownia	85											Nogi			
		2020-10-22	Czwartek	Rower	105	10	145	172	87	215		62,2	475	29	51	Tlen	Czujnik mocy źle zamontowany	https://connect.garmin.com/modern/activity/5712753763	https://www.strava.com/activities/4228872546
		2020-10-25	Niedziela	Pływanie	50										1200	Technika	Chory	https://connect.garmin.com/modern/activity/5728514218	
		2020-10-26	Poniedziałek	Góry	230	10							833		11.3	Mogielica	Chory	https://connect.garmin.com/modern/activity/5734716928	https://www.strava.com/activities/4249356077
		2020-10-27	Wtorek	Siłownia	40											Core + ręce + łydki	Chory		
		2020-10-28	Środa	Rower	80	10	130	143	87	177		31,1	71	30.6	40	Regeneracja	Czujnik mocy źle zamontowany, przeziębiony/chory	https://connect.garmin.com/modern/activity/5740338203	https://www.strava.com/activities/4254633524
		2020-10-29	Czwartek	Siłownia	105											Nogi + core	Przeziębiony		
		2020-10-30	Piątek	Pływanie	50										1900	Technika	Przeziębiony	https://connect.garmin.com/modern/activity/5749080441	
		2020-10-31	Sobota	Bieganie	45	10	140	149					7	05:04	8.3	Tlen	Przeziębiony, wysokie tętno	https://connect.garmin.com/modern/activity/5753828177	
		2020-11-01	Niedziela	Góry	210	10							716		10.8	Hala Krupowa	Przeziębiony	https://connect.garmin.com/modern/activity/5759000580	https://www.strava.com/activities/4272329094
		2020-11-02	Poniedziałek	Siłownia	80											Core + ręce + łydki	Przeziębiony
		2020-11-03	Wtorek	Bieganie	60	10	148	167					249	05:26	10.5	Lasek	Przeziębiony,wysokie tętno	https://connect.garmin.com/modern/activity/5767649224	https://www.strava.com/activities/4280605069
		2020-11-04	Środa	Siłownia	70											Nogi + core			
		2020-11-05	Czwartek	Siłownia	70											Core + ręce + łydki			
		2020-11-05	Czwartek	Bieganie	55	20	141	145					10	04:54	10	Tlen - 12km		https://connect.garmin.com/modern/activity/5778094402	
		2020-11-06	Piątek	Góry	220								846		7.5	Tatry - Giewont - Hala Kondratowa			https://www.strava.com/activities/4303097753
		2020-11-07	Sobota	Góry	330								1003		15	Tatry - Czerwone Wierchy			https://www.strava.com/activities/4303116815
		2020-11-08	Niedziela	Rower	105	10	143	165	89	213		61,5	357	31.8	55	Tlen	Czujnik mocy źle zamontowany	https://connect.garmin.com/modern/activity/5792559984	https://www.strava.com/activities/4308578905
		2020-11-08	Niedziela	Pływanie	50										1500	Technika		https://connect.garmin.com/modern/activity/5793695326	
		2020-11-09	Poniedziałek	Siłownia	80											Core + ręce + łydki
		2020-11-10	Wtorek	Bieganie	80	10	150	166					350	05:17	13.5	Lasek	Lekko czuję lewą kostkę	https://connect.garmin.com/modern/activity/5801623169	https://www.strava.com/activities/4317642203
		2020-11-11	Środa	Góry	240	10							789		10.5	Gorce - Kudłoń	Mocno czuję lewą kostkę od środka po wczorajszym bieganiu	https://connect.garmin.com/modern/activity/5806817204	https://www.strava.com/activities/4322943638
		2020-11-12	Czwartek	Siłownia	60											Core + ręce			
		2020-11-13	Piątek	Siłownia	65	10										Nogi	Czuję lewą kostkę		
		2020-11-13	Piątek	Pływanie	45										1500	Technika		https://connect.garmin.com/modern/activity/5816312950	
		2020-11-15	Niedziela	Rower	150	20			88	229		98,8	1110	29,3	72	Tlen po górkach	Czujnik mocy źle zamontowany	https://connect.garmin.com/modern/activity/5825320633	https://www.strava.com/activities/4341491446
		2020-11-16	Poniedziałek	Bieganie	60	20							198	04:51	12.1	Siła biegowa	Na podbiegach czuję kostkę, musiałem zrobić delikatny trening	https://connect.garmin.com/modern/activity/5829926972
		2020-11-17	Wtorek	Siłownia	90											Nogi + gumy			
		2020-11-18	Środa	Siłownia	90											Ręce + core			
		2020-11-19	Czwartek	Rower	90	20	136	164	85	208		48,1	550	26,4	38	Tlen po górkach	Czujnik mocy źle zamontowany	https://connect.garmin.com/modern/activity/5843998622	https://www.strava.com/activities/4360144687
		2020-11-21	Sobota	Rower	145	10	145	176	85	246		110,5	1057	26,8	64	Tlen po górkach	Czujnik mocy źle zamontowany	https://connect.garmin.com/modern/activity/5853508911	https://www.strava.com/activities/4369925355
		2020-11-21	Sobota	Siłownia	60											Ręce + core			
		2020-11-22	Niedziela	Góry	110								405		6	Beskid Wyspowy - Śnieżnica			
		2020-11-22	Niedziela	Pływanie	50										1900	Technika		https://connect.garmin.com/modern/activity/5859940465	
		2020-11-23	Poniedziałek	Siłownia	90											Nogi + ręce + core
		2020-11-24	Wtorek	Bieganie	80	10	146	167					400	05:20	14,9	Lasek	Po 300m czuję kostkę, niepotrzebnie zrobiłem ten trening, pod koniec już mocno czuję lewą kostkę	https://connect.garmin.com/modern/activity/5867210883	https://www.strava.com/activities/4384014948
		2020-11-25	Środa	Siłownia	100											Nogi + core			
		2020-11-26	Czwartek	Rower	125	70	140	169	86	228		80,2	768	26,9	54		Fizjoterapia	https://connect.garmin.com/modern/activity/5876259810	https://www.strava.com/activities/4393180541
		2020-11-27	Piątek	Siłownia	90											Ręce + core			
		2020-11-29	Niedziela	Pływanie	50										1400	Technika		https://connect.garmin.com/modern/activity/5894660480	
		2020-11-30	Poniedziałek	Góry	240								831		13,8	Turbacz z Szymkiem	Pod koniec czuję mocno kostkę	https://connect.garmin.com/modern/activity/5894660677	https://www.strava.com/activities/4411906136
		2020-11-30	Poniedziałek	Siłownia	65											Ręce + core			
		2020-12-01	Wtorek	Rower	100	20	136	152	87	207		54,3	311	30,4	50	Tlen	Czujnik mocy źle zamontowany	https://connect.garmin.com/modern/activity/5898941712	https://www.strava.com/activities/4416112134
		2020-12-02	Środa	Siłownia	85											Nogi + core			
		2020-12-03	Czwartek	Bieganie	20	60	135	145					3	05:11	4	Test stopy	Czuję stopę po 400m, dopiero jak zwolniłem poniżej 5:00, to było trochę lepiej, Fizjoterapia	https://connect.garmin.com/modern/activity/5907330596	
		2020-12-04	Piątek	Siłownia	100											Nogi + ręce			
		2020-12-05	Sobota	Siłownia	60											Core + gumy			
		2020-12-06	Niedziela	Rower	145	20	143	177	86	222		89,5	1022	26,9	64	Tlen po górkach	Czujnik mocy źle zamontowany	https://connect.garmin.com/modern/activity/5921147540	
		2020-12-06	Niedziela	Pływanie	50										1800	Technika		https://connect.garmin.com/modern/activity/5922316374	
		2020-12-07	Poniedziałek	Siłownia	90	10										Nogi + core
		2020-12-08	Wtorek	Siłownia	85											Ręce + core			
		2020-12-09	Środa	Bieganie	40	70	132	139					7	05:11	7.6	Test stopy	Czuję kostkę od 4 kilometra, Fizjoterapia	https://connect.garmin.com/modern/activity/5933841208	
		2020-12-10	Czwartek	Siłownia	100	10										Nogi + ręce			
		2020-12-11	Piątek	Narty	45	10									22	Kasina		https://connect.garmin.com/modern/activity/5942082256	https://www.strava.com/activities/4458343741
		2020-12-12	Sobota	Narty	45	10									13	Spytkowice		https://connect.garmin.com/modern/activity/5947076473	https://www.strava.com/activities/4463180750
		2020-12-13	Niedziela	Pływanie	50										1800	Technika		https://connect.garmin.com/modern/activity/5952823775	
		2020-12-14	Poniedziałek	Siłownia	90	10										Nogi + core
		2020-12-15	Wtorek	Siłownia	70											Ręce + core			
		2020-12-16	Środa	Siłownia	75	10										Nogi + core			
		2020-12-17	Czwartek	Rower	75	10	144	177	78	268		65,7	306	26.5	32	Big ring intervals - 10x1min	Czujnik mocy źle zamontowany	https://connect.garmin.com/modern/activity/5967682568	https://www.strava.com/activities/4483228431
		2020-12-18	Piątek	Narty	50	10									22	Kasina		https://connect.garmin.com/modern/activity/5971675057	https://www.strava.com/activities/4487075703
		2020-12-19	Sobota	Narty	45										16	Spytkowice		https://connect.garmin.com/modern/activity/5976508821	
		2020-12-20	Niedziela	Bieganie	50	10	144	150					7	04:54	10	Test stopy - tlen	Podczas biegu prawie nie czuję kostki, wieczorem jest gorzej 	https://connect.garmin.com/modern/activity/5981370457	
		2020-12-20	Niedziela	Pływanie	50										1800	Technika		https://connect.garmin.com/modern/activity/5982959202	
		2020-12-21	Poniedziałek	Siłownia	95	10										Nogi + core	Fizjoterapia
		2020-12-22	Wtorek	Narty	35										15	Myślenice		https://connect.garmin.com/modern/activity/5988505415	https://www.strava.com/activities/4503604632
		2020-12-23	Środa	Siłownia	90	10										Ręce + core			
		2020-12-23	Środa	Bieganie	50	20	146	154					10	04:50	9	Test stopy - tlen	Bardzo wysokie tętno, nie czuję kostki podczas biegania, wieczorem gorzej	https://connect.garmin.com/modern/activity/5993762753	
		2020-12-24	Czwartek	Siłownia	65	10										Nogi + core			
		2020-12-25	Piątek	Bieganie	65	20	145	154					150	04:59	12	Tlen		https://connect.garmin.com/modern/activity/6000750835	
		2020-12-26	Sobota	Narty	30										11	Tylicz		https://connect.garmin.com/modern/activity/6006085798	https://www.strava.com/activities/4520423672
		2020-12-27	Niedziela	Narty	25										8	Tylicz		https://connect.garmin.com/modern/activity/6010163226	https://www.strava.com/activities/4524298169
		2020-12-27	Niedziela	Siłownia	60	10										Ręce + core			
		2020-12-27	Niedziela	Pływanie	45										1800	Technika		https://connect.garmin.com/modern/activity/6011463810	
		2020-12-28	Poniedziałek	Siłownia	80	10										Nogi + core
		2020-12-29	Wtorek	Bieganie	65	20	145	155					179	04:54	14	Tlen	Nie czuję stopy podczas biegania, wieczorem mocno czuję	https://connect.garmin.com/modern/activity/6019931915	
		2020-12-30	Środa	Siłownia	75											Ręce + core	Prawie nie czuję stopy		
		2020-12-31	Czwartek	Bieganie	60	10	150	178					206	05:25	10.5	Siła biegowa	Nie czuję stopy podczas biegania, wieczorem czuję mocniej	https://connect.garmin.com/modern/activity/6030473496